general_possession_pct_home,general_possession_pct_away,general_shots_home,general_shots_away,general_shots_on_goal_home,general_shots_on_goal_away,general_blocked_shots_home,general_blocked_shots_away,general_total_passes_home,general_total_passes_away,general_passing_accuracy_pct_home,general_passing_accuracy_pct_away,general_corners_home,general_corners_away,general_total_crosses_home,general_total_crosses_away,general_offsides_home,general_offsides_away,general_aerial_duels_won_home,general_aerial_duels_won_away,general_expected_goals_home,general_expected_goals_away,general_goalkeeper_saves_home,general_goalkeeper_saves_away,general_clearances_home,general_clearances_away,general_fouls_home,general_fouls_away,general_yellow_cards_home,general_yellow_cards_away,general_red_cards_home,general_red_cards_away,general_overall_pct_home,general_overall_pct_away,general_open_play_pass_pct_home,general_open_play_pass_pct_away,general_set_piece_cross_pct_home,general_set_piece_cross_pct_away,general_open_play_cross_pct_home,general_open_play_cross_pct_away,general_goals_conceded_home,general_goals_conceded_away,general_shots_against_home,general_shots_against_away,general_clean_sheets_home,general_clean_sheets_away,general_xg_conceded_home,general_xg_conceded_away,general_interceptions_home,general_interceptions_away,shooting_goals_home,shooting_goals_away,shooting_on_target_home,shooting_on_target_away,shooting_off_target_home,shooting_off_target_away,shooting_blocked_home,shooting_blocked_away,passing_overall_pct_home,passing_overall_pct_away,passing_open_play_pass_pct_home,passing_open_play_pass_pct_away,passing_set_piece_cross_pct_home,passing_set_piece_cross_pct_away,passing_open_play_cross_pct_home,passing_open_play_cross_pct_away,possession_0_5_home,possession_0_5_away,possession_6_10_home,possession_6_10_away,possession_11_15_home,possession_11_15_away,possession_16_20_home,possession_16_20_away,possession_21_25_home,possession_21_25_away,possession_26_30_home,possession_26_30_away,possession_31_35_home,possession_31_35_away,possession_36_40_home,possession_36_40_away,possession_41_45_home,possession_41_45_away,possession_46_50_home,possession_46_50_away,possession_51_55_home,possession_51_55_away,possession_56_60_home,possession_56_60_away,possession_61_65_home,possession_61_65_away,possession_66_70_home,possession_66_70_away,possession_71_75_home,possession_71_75_away,possession_76_80_home,possession_76_80_away,possession_81_85_home,possession_81_85_away,possession_86_90_home,possession_86_90_away,xg_total_team_xg_home,xg_total_team_xg_away,xg_shots_home,xg_shots_away,xg_shots_on_target_home,xg_shots_on_target_away,match_id
58.4,41.6,16,6,3,2,6,2,645,469,92.3,85.9,3,6,12,3,1,2,9,10,3.1,0.5,1,3,3,8,10,15,0,2,0,0,92.3,85.9,92.1,85.8,0.0,33.3,33.3,33.3,1,0,16,6,0,0,0.5,3.1,0,0,0,1,3,2,7,1,6,2,92.3,85.9,92.1,85.8,0.0,33.3,33.3,33.3,64.4,35.6,59.24,40.76,68.07,31.93,56.76,43.24,36.82,63.18,46.93,53.07,51.57,48.43,45.55,54.45,50.31,49.69,49.52,50.48,44.11,55.89,75.08,24.92,83.27,16.73,33.12,66.88,69.26,30.74,62.31,37.69,64.16,35.84,57.72,42.28,3.1,0.5,16,6,3,2,919a513b
58.2,41.8,19,14,11,5,6,2,718,406,89.4,84.0,6,1,5,5,0,1,3,8,2.1,1.7,3,7,2,4,12,16,5,2,0,1,89.4,84.0,89.2,83.9,0.0,0.0,20.0,40.0,2,4,19,14,0,0,1.7,2.1,0,1,4,2,11,5,1,6,6,2,89.4,84.0,89.2,83.9,0.0,0.0,20.0,40.0,52.38,47.62,53.28,46.72,51.74,48.26,83.66,16.34,49.75,50.25,43.9,56.1,60.0,40.0,49.56,50.44,65.69,34.31,69.14,30.86,76.97,23.03,79.72,20.28,60.28,39.72,54.02,45.98,36.55,63.45,75.52,24.48,69.0,31.0,31.85,68.15,2.1,1.7,19,14,11,5,673c8f57
62.4,37.6,42,5,15,2,11,3,509,251,87.6,68.9,16,7,34,3,1,0,21,11,4.2,0.5,1,14,6,16,10,13,0,1,0,1,87.6,68.9,87.4,74.3,18.2,0.0,35.3,33.3,1,1,42,5,0,0,0.5,4.2,0,4,1,1,15,2,12,0,11,3,87.6,68.9,87.4,74.3,18.2,0.0,35.3,33.3,46.28,53.72,58.54,41.46,49.58,50.42,30.26,69.74,65.84,34.16,71.41,28.59,57.79,42.21,48.35,51.65,71.85,28.15,72.43,27.57,64.13,35.87,69.69,30.31,55.29,44.71,63.02,36.98,70.82,29.18,51.21,48.79,73.04,26.96,81.42,18.58,4.2,0.5,42,5,15,2,236c324c
64.3,35.8,19,9,4,6,7,1,644,339,87.3,77.0,11,2,15,0,0,2,17,10,1.5,2.9,2,3,1,11,11,14,2,1,0,0,87.3,77.0,86.7,78.9,42.9,0.0,33.3,0.0,4,2,19,9,0,0,2.9,1.5,1,2,2,4,4,6,6,1,7,1,87.3,77.0,86.7,78.9,42.9,0.0,33.3,0.0,71.78,28.22,67.13,32.87,50.38,49.62,55.81,44.19,68.32,31.68,58.66,41.34,56.31,43.69,44.66,55.34,71.27,28.73,75.27,24.73,68.56,31.44,51.61,48.39,61.6,38.4,79.71,20.29,76.14,23.86,67.61,32.39,60.64,39.36,61.4,38.6,1.5,2.9,19,9,4,6,e7ce5055
50.4,49.6,14,16,6,8,2,2,457,462,85.6,88.7,4,6,1,9,2,1,7,3,1.6,2.3,5,5,6,5,10,12,3,1,0,0,85.6,88.7,84.9,88.1,50.0,25.0,0.0,22.2,3,1,14,16,0,0,2.3,1.6,0,1,1,3,6,8,5,4,2,2,85.6,88.7,84.9,88.1,50.0,25.0,0.0,22.2,56.94,43.06,33.72,66.28,57.32,42.68,72.37,27.63,55.87,44.13,56.77,43.23,44.07,55.93,33.1,66.9,50.9,49.1,71.3,28.7,50.84,49.16,63.22,36.78,47.96,52.04,58.92,41.08,34.98,65.02,35.07,64.93,26.76,73.24,40.17,59.83,1.6,2.3,14,16,6,8,d3bd1a35
50.3,49.7,18,11,6,5,6,0,444,454,84.5,85.0,3,4,4,6,0,1,17,14,2.0,2.0,4,4,6,10,15,14,2,0,0,0,84.5,85.0,84.5,84.9,0.0,0.0,50.0,16.7,1,2,18,11,0,0,2.0,2.0,1,0,2,1,6,5,6,6,6,0,84.5,85.0,84.5,84.9,0.0,0.0,50.0,16.7,47.4,52.6,45.64,54.36,48.0,52.0,37.76,62.24,40.77,59.23,61.49,38.51,32.16,67.84,76.11,23.89,31.25,68.75,49.48,50.52,73.46,26.54,52.3,47.7,49.28,50.72,28.72,71.28,36.27,63.73,85.71,14.29,45.0,55.0,52.91,47.09,2.0,2.0,18,11,6,5,ab9d3d48
41.0,59.0,9,19,2,5,5,6,281,493,75.4,88.8,5,4,1,8,4,1,12,12,1.6,1.7,4,0,3,2,20,10,2,2,0,0,75.4,88.8,75.8,88.9,0.0,66.7,0.0,37.5,1,3,9,19,0,0,1.7,1.6,0,0,3,1,2,5,2,7,5,6,75.4,88.8,75.8,88.9,0.0,66.7,0.0,37.5,47.22,52.78,57.11,42.89,15.82,84.18,38.8,61.2,25.73,74.27,82.15,17.85,51.86,48.14,41.81,58.19,31.5,68.5,25.65,74.35,27.86,72.14,43.86,56.14,60.25,39.75,33.32,66.68,48.09,51.91,43.1,56.9,23.6,76.4,48.07,51.93,1.6,1.7,9,19,2,5,2c7e9d25
54.9,45.1,11,8,3,6,3,1,504,427,84.9,87.3,10,3,10,3,2,1,23,33,0.7,1.4,5,3,2,13,12,11,4,3,0,0,84.9,87.3,86.2,88.2,40.0,0.0,30.0,0.0,1,0,11,8,0,0,1.4,0.7,0,0,0,1,3,6,3,1,3,1,84.9,87.3,86.2,88.2,40.0,0.0,30.0,0.0,41.63,58.37,13.42,86.58,54.74,45.26,56.29,43.71,76.24,23.76,31.57,68.43,35.78,64.22,63.35,36.65,74.49,25.51,68.41,31.59,51.62,48.38,43.59,56.41,57.38,42.62,83.76,16.24,70.91,29.09,53.34,46.66,56.24,43.76,68.31,31.69,0.7,1.3,11,8,3,6,724753a1
48.3,51.8,14,10,7,4,3,5,471,447,84.3,81.4,8,5,11,7,3,2,13,12,1.7,1.0,3,5,7,6,12,17,0,4,0,0,84.3,81.4,84.0,82.0,28.6,0.0,9.1,14.3,1,1,14,10,0,0,1.0,1.7,3,5,1,1,7,4,4,1,3,5,84.3,81.4,84.0,82.0,28.6,0.0,9.1,14.3,49.89,50.11,60.2,39.8,38.57,61.43,46.47,53.53,51.26,48.74,43.7,56.3,45.2,54.8,35.81,64.19,40.71,59.29,37.51,62.49,68.94,31.06,45.57,54.43,46.89,53.11,72.46,27.54,37.88,62.12,44.96,55.04,36.55,63.45,54.21,45.79,1.7,1.0,14,10,7,4,418fc14a
42.7,57.3,8,19,5,7,1,6,381,555,86.6,92.3,4,3,7,5,3,0,7,11,1.1,2.5,1,4,7,6,15,8,0,1,0,0,86.6,92.3,87.2,92.5,0.0,50.0,28.6,40.0,5,1,8,19,0,0,2.5,1.1,0,3,1,5,5,7,1,7,1,6,86.6,92.3,87.2,92.5,0.0,50.0,28.6,40.0,42.6,57.4,48.81,51.19,47.58,52.42,41.99,58.01,38.26,61.74,61.46,38.54,51.6,48.4,30.15,69.85,32.01,67.99,63.7,36.3,31.24,68.76,33.38,66.62,46.73,53.27,34.23,65.77,30.4,69.6,40.29,59.71,35.35,64.65,45.27,54.73,1.1,2.4,8,19,5,7,5cd86fea
58.1,41.9,15,8,4,3,0,1,557,402,90.3,86.3,6,3,18,4,1,1,9,10,1.2,0.9,2,4,6,6,14,10,2,1,0,0,90.3,86.3,90.0,87.4,25.0,0.0,27.8,25.0,1,0,15,8,0,0,0.9,1.2,1,0,0,1,4,3,9,3,0,1,90.3,86.3,90.0,87.4,25.0,0.0,27.8,25.0,52.23,47.77,70.68,29.32,49.99,50.01,70.38,29.62,55.25,44.75,47.5,52.5,49.22,50.78,66.17,33.83,53.83,46.17,58.2,41.8,72.89,27.11,38.67,61.33,28.92,71.08,47.97,52.03,55.01,44.99,68.31,31.69,72.2,27.8,60.73,39.27,1.2,0.9,15,8,4,3,e2c09716
54.1,45.9,18,7,7,4,3,2,537,405,83.8,79.8,6,6,10,3,1,3,21,13,1.3,1.1,2,5,9,5,13,13,3,2,0,0,83.8,79.8,83.4,80.9,100.0,33.3,20.0,0.0,2,2,18,7,0,0,1.1,1.3,1,1,2,2,7,4,7,0,3,2,83.8,79.8,83.4,80.9,100.0,33.3,20.0,0.0,18.49,81.51,52.9,47.1,52.52,47.48,59.54,40.46,43.37,56.63,47.48,52.52,55.07,44.93,54.94,45.06,47.49,52.51,50.83,49.17,69.82,30.18,64.49,35.51,45.56,54.44,48.71,51.29,56.97,43.03,69.8,30.2,67.5,32.5,60.39,39.61,1.3,1.1,18,7,7,4,0e84114f
52.0,48.0,21,18,4,5,6,2,438,407,89.0,87.2,5,4,8,6,1,3,5,5,2.8,2.3,4,2,6,7,10,18,1,2,0,0,89.0,87.2,89.2,86.8,75.0,33.3,62.5,66.7,1,2,21,18,0,0,2.3,2.8,1,1,2,1,4,5,7,10,6,2,89.0,87.2,89.2,86.8,75.0,33.3,62.5,66.7,38.35,61.65,36.29,63.71,79.31,20.69,38.05,61.95,29.67,70.33,50.1,49.9,50.93,49.07,38.02,61.98,40.65,59.35,68.2,31.8,58.58,41.42,56.14,43.86,73.32,26.68,25.84,74.16,40.37,59.63,88.54,11.46,61.68,38.32,65.62,34.38,2.8,2.3,21,18,4,5,895956c7
45.9,54.1,14,14,6,7,6,2,440,561,84.8,86.3,7,3,15,5,3,3,9,6,0.9,1.1,5,5,13,12,14,13,2,1,0,0,84.8,86.3,84.5,86.0,16.7,50.0,20.0,40.0,2,1,14,14,0,0,1.1,0.9,0,1,1,2,6,7,2,4,6,2,84.8,86.3,84.5,86.0,16.7,50.0,20.0,40.0,49.2,50.8,43.93,56.07,47.43,52.57,22.9,77.1,62.86,37.14,38.62,61.38,60.76,39.24,43.33,56.67,43.68,56.32,46.25,53.75,37.29,62.71,37.15,62.85,49.68,50.32,14.8,85.2,66.87,33.13,33.08,66.92,52.93,47.07,72.34,27.66,0.9,1.1,14,14,6,7,b36d6527
57.9,42.1,17,7,7,1,8,2,611,433,87.4,83.6,7,4,21,5,2,0,6,6,1.7,0.9,0,5,6,13,12,13,1,1,0,0,87.4,83.6,87.4,83.4,50.0,25.0,33.3,20.0,2,2,17,7,0,0,0.9,1.7,1,2,2,1,7,1,1,4,8,2,87.4,83.6,87.4,83.4,50.0,25.0,33.3,20.0,48.97,51.03,59.28,40.72,61.08,38.92,55.91,44.09,87.82,12.18,31.77,68.23,44.76,55.24,78.38,21.62,56.55,43.45,39.9,60.1,74.53,25.47,66.34,33.66,48.6,51.4,63.89,36.11,52.95,47.05,71.2,28.8,64.91,35.09,52.55,47.45,1.7,0.9,17,7,7,1,55850363
53.0,47.0,10,12,3,6,2,5,477,490,86.8,88.8,1,6,3,3,0,0,5,5,1.1,2.0,4,1,4,1,7,10,4,2,0,0,86.8,88.8,87.3,89.0,50.0,33.3,0.0,0.0,2,2,10,12,0,0,2.0,1.1,1,1,2,2,3,6,4,1,2,5,86.8,88.8,87.3,89.0,50.0,33.3,0.0,0.0,26.74,73.26,38.67,61.33,60.48,39.52,35.02,64.98,41.1,58.9,81.97,18.03,52.22,47.78,62.47,37.53,45.0,55.0,61.59,38.41,63.67,36.33,42.82,57.18,60.62,39.38,64.33,35.67,58.1,41.9,62.04,37.96,56.41,43.59,56.01,43.99,1.1,2.0,10,12,3,6,a3ae35b8
39.7,60.3,11,20,2,6,3,9,317,616,78.5,87.7,1,11,3,11,2,3,12,15,1.3,2.4,4,1,5,0,9,17,2,4,0,0,78.5,87.7,81.0,87.8,50.0,50.0,33.3,18.2,1,1,11,20,0,0,2.4,1.3,3,0,1,1,2,6,4,4,3,9,78.5,87.7,81.0,87.8,50.0,50.0,33.3,18.2,35.74,64.26,37.5,62.5,49.65,50.35,52.45,47.55,45.04,54.96,31.41,68.59,28.88,71.12,44.71,55.29,42.26,57.74,27.3,72.7,48.77,51.23,55.25,44.75,25.29,74.71,52.27,47.73,30.06,69.94,15.4,84.6,15.56,84.44,40.59,59.41,1.3,2.4,11,20,2,6,9b00fe16
59.4,40.6,21,10,11,4,5,2,552,354,90.2,83.6,4,2,6,4,1,1,9,13,3.8,1.4,3,5,2,7,16,11,2,3,0,0,90.2,83.6,90.2,83.2,33.3,0.0,16.7,25.0,1,5,21,10,0,0,1.4,3.8,0,0,5,1,11,4,6,3,5,2,90.2,83.6,90.2,83.2,33.3,0.0,16.7,25.0,66.59,33.41,72.64,27.36,54.5,45.5,44.63,55.37,69.93,30.07,47.1,52.9,65.38,34.62,69.55,30.45,67.6,32.4,64.42,35.58,57.82,42.18,48.93,51.07,56.64,43.36,,,73.07,26.93,48.19,51.81,46.68,53.32,57.9,42.1,3.8,1.4,21,10,11,4,df5d2e93
38.5,61.5,10,16,0,6,5,3,321,589,78.2,89.6,3,8,9,15,1,2,15,21,1.2,1.7,6,0,15,10,9,6,1,3,0,0,78.2,89.6,79.9,89.4,0.0,14.3,22.2,20.0,0,0,10,16,0,0,1.7,1.2,0,1,0,0,0,6,4,6,5,3,78.2,89.6,79.9,89.4,0.0,14.3,22.2,20.0,35.87,64.13,41.68,58.32,48.78,51.22,48.24,51.76,42.34,57.66,51.08,48.92,34.9,65.1,35.74,64.26,27.82,72.18,28.67,71.33,43.56,56.44,45.46,54.54,41.03,58.97,36.69,63.31,47.21,52.79,25.67,74.33,36.28,63.72,14.9,85.1,1.2,1.7,10,16,0,6,8b2771ab
63.2,36.8,19,10,7,5,6,1,631,377,88.6,78.5,6,4,10,5,1,0,12,15,2.8,1.6,2,4,5,7,8,15,3,3,0,0,88.6,78.5,88.5,77.8,20.0,0.0,20.0,20.0,3,3,19,10,0,0,1.6,2.8,0,2,3,3,7,5,5,3,6,1,88.6,78.5,88.5,77.8,20.0,0.0,20.0,20.0,64.64,35.36,59.28,40.72,51.94,48.06,82.38,17.62,63.16,36.84,82.59,17.41,31.51,68.49,54.42,45.58,62.47,37.53,54.65,45.35,58.97,41.03,73.34,26.66,79.47,20.53,65.51,34.49,55.27,44.73,64.87,35.13,68.33,31.67,56.45,43.55,2.8,1.6,19,10,7,5,4ab4b10e
51.8,48.2,18,8,6,5,3,2,442,428,80.3,78.0,4,6,10,12,2,4,10,6,2.2,0.7,5,4,18,20,18,13,2,3,0,0,80.3,78.0,79.8,77.9,50.0,25.0,20.0,16.7,0,2,18,8,0,0,0.7,2.2,3,3,2,0,6,5,7,1,3,2,80.3,78.0,79.8,77.9,50.0,25.0,20.0,16.7,73.29,26.71,55.11,44.89,65.0,35.0,64.41,35.59,51.81,48.19,67.22,32.78,59.4,40.6,47.1,52.9,70.15,29.85,69.67,30.33,53.25,46.75,34.47,65.53,38.79,61.21,52.59,47.41,20.23,79.77,45.55,54.45,40.2,59.8,28.43,71.57,2.2,0.7,18,8,6,5,5b56020b
57.8,42.2,18,8,7,5,5,1,520,387,81.5,73.6,6,3,3,7,1,6,13,12,1.5,1.1,4,5,7,10,19,12,0,3,0,0,81.5,73.6,81.4,73.5,0.0,0.0,33.3,14.3,1,2,18,8,0,0,1.1,1.5,3,2,2,1,7,5,5,0,5,1,81.5,73.6,81.4,73.5,0.0,0.0,33.3,14.3,53.93,46.07,60.47,39.53,74.81,25.19,84.15,15.85,56.2,43.8,70.21,29.79,53.23,46.77,48.54,51.46,85.49,14.51,39.89,60.11,57.61,42.39,45.77,54.23,63.37,36.63,61.96,38.04,60.27,39.73,40.29,59.71,36.82,63.18,45.89,54.11,1.5,1.1,18,8,7,5,bc8f5ed6
55.8,44.2,21,10,4,5,7,2,426,318,81.9,76.7,9,3,1,4,2,0,14,13,1.6,0.6,3,3,8,14,19,9,5,1,1,0,81.9,76.7,82.1,78.3,44.4,0.0,0.0,50.0,2,1,21,10,0,0,0.6,1.6,0,1,1,2,4,5,7,2,7,2,81.9,76.7,82.1,78.3,44.4,0.0,0.0,50.0,39.98,60.02,44.59,55.41,45.59,54.41,58.68,41.32,79.5,20.5,64.19,35.81,53.28,46.72,54.77,45.23,56.68,43.32,59.62,40.38,53.84,46.16,57.24,42.76,59.01,40.99,38.79,61.21,60.35,39.65,51.35,48.65,48.99,51.01,63.45,36.55,1.6,0.6,21,10,4,5,eb6d592e
42.7,57.3,5,16,5,7,0,5,356,611,78.1,86.6,4,6,3,8,4,2,3,9,0.4,1.1,7,4,10,6,12,13,2,2,0,0,78.1,86.6,79.6,86.6,20.0,20.0,33.3,25.0,0,1,5,16,0,0,1.1,0.4,1,0,1,0,5,7,0,3,0,5,78.1,86.6,79.6,86.6,20.0,20.0,33.3,25.0,61.71,38.29,54.64,45.36,36.53,63.47,34.11,65.89,46.98,53.02,48.02,51.98,67.32,32.68,50.45,49.55,20.19,79.81,42.76,57.24,61.48,38.52,54.58,45.42,25.7,74.3,41.32,58.68,43.89,56.11,31.62,68.38,37.28,62.72,28.81,71.19,0.4,1.1,5,16,5,7,82b83643
60.2,39.8,28,9,13,4,9,2,545,287,83.8,69.3,10,4,12,2,1,3,12,6,3.1,2.2,2,12,8,13,9,9,1,2,0,0,83.8,69.3,83.5,70.8,57.1,75.0,16.7,0.0,2,1,28,9,0,0,2.2,3.1,0,0,1,2,13,4,3,3,9,2,83.8,69.3,83.5,70.8,57.1,75.0,16.7,0.0,75.37,24.63,53.54,46.46,73.6,26.4,49.14,50.86,51.74,48.26,62.6,37.4,58.45,41.55,39.95,60.05,80.28,19.72,46.33,53.67,58.65,41.35,48.79,51.21,70.03,29.97,63.42,36.58,,100.0,77.27,22.73,72.6,27.4,68.27,31.73,3.1,2.2,28,9,13,4,ce46d9b8
60.1,39.9,16,11,8,3,5,2,687,443,90.1,84.0,5,3,2,4,2,0,5,7,2.3,1.1,3,3,0,2,17,12,2,3,0,0,90.1,84.0,90.5,83.3,0.0,75.0,50.0,75.0,0,4,16,11,0,0,1.1,2.3,0,1,4,0,8,3,2,3,5,2,90.1,84.0,90.5,83.3,0.0,75.0,50.0,75.0,75.72,24.28,61.34,38.66,58.75,41.25,57.16,42.84,69.7,30.3,43.43,56.57,59.36,40.64,44.94,55.06,64.3,35.7,53.72,46.28,59.88,40.12,77.78,22.22,71.36,28.64,61.57,38.43,60.89,39.11,72.06,27.94,48.31,51.69,43.62,56.38,2.3,1.1,16,11,8,3,f4dbb8e0
52.6,47.4,17,9,6,5,5,1,524,442,87.6,86.7,5,2,7,5,2,2,6,9,2.4,2.0,2,4,4,4,10,10,2,2,0,0,87.6,86.7,87.0,87.6,50.0,100.0,14.3,20.0,4,2,17,9,0,0,2.0,2.4,0,3,2,4,6,5,3,2,5,1,87.6,86.7,87.0,87.6,50.0,100.0,14.3,20.0,39.29,60.71,18.85,81.15,53.23,46.77,55.64,44.36,50.13,49.87,45.27,54.73,56.4,43.6,67.05,32.95,68.31,31.69,70.45,29.55,31.27,68.73,63.22,36.78,69.19,30.81,27.65,72.35,18.91,81.09,57.03,42.97,63.28,36.72,69.56,30.44,2.4,2.0,17,9,6,5,5f282b72
56.6,43.4,16,12,8,3,2,4,499,347,84.8,81.3,5,4,16,5,1,2,16,10,1.4,0.6,2,7,10,7,6,9,2,0,0,0,84.8,81.3,84.8,81.6,16.7,75.0,31.3,20.0,1,1,16,12,0,0,0.6,1.4,1,2,1,1,8,3,6,4,2,4,84.8,81.3,84.8,81.6,16.7,75.0,31.3,20.0,39.24,60.76,60.25,39.75,48.58,51.42,68.67,31.33,85.34,14.66,66.36,33.64,65.17,34.83,71.71,28.29,49.3,50.7,26.9,73.1,48.94,51.06,43.54,56.46,44.63,55.37,53.29,46.71,50.74,49.26,67.23,32.77,57.73,42.27,71.82,28.18,1.4,0.6,16,12,8,3,127bcb17
41.3,58.7,14,18,7,9,3,2,428,640,87.4,92.0,6,3,6,8,3,4,7,6,3.3,5.3,4,5,4,5,10,7,1,2,0,0,87.4,92.0,86.8,91.9,60.0,0.0,16.7,0.0,5,2,14,18,0,0,5.3,3.3,0,2,2,5,7,9,3,5,3,2,87.4,92.0,86.8,91.9,60.0,0.0,16.7,0.0,51.09,48.91,32.08,67.92,56.04,43.96,51.95,48.05,26.36,73.64,47.03,52.97,27.65,72.35,36.73,63.27,48.38,51.62,34.85,65.15,23.36,76.64,40.72,59.28,49.48,50.52,11.18,88.82,41.63,58.37,60.9,39.1,39.83,60.17,38.08,61.92,3.3,5.3,14,18,7,9,0ce6efd6
49.0,51.0,13,9,2,5,4,0,460,489,77.0,78.9,4,6,11,4,0,4,19,10,1.6,1.6,4,1,4,5,13,7,1,1,0,0,77.0,78.9,76.7,79.6,50.0,33.3,36.4,0.0,1,1,13,9,0,0,1.6,1.6,1,1,1,1,2,5,7,3,4,0,77.0,78.9,76.7,79.6,50.0,33.3,36.4,0.0,51.73,48.27,28.8,71.2,66.74,33.26,21.03,78.97,39.55,60.45,32.21,67.79,55.55,44.45,29.16,70.84,83.95,16.05,56.71,43.29,59.48,40.52,51.6,48.4,61.36,38.64,42.24,57.76,50.24,49.76,63.52,36.48,59.12,40.88,44.08,55.92,1.6,1.6,13,9,2,5,6c60c1b4
49.5,50.5,16,7,3,3,6,1,480,507,88.1,91.1,3,2,6,9,7,2,4,3,2.2,0.7,3,2,6,16,8,13,0,2,0,0,88.1,91.1,88.1,90.9,50.0,50.0,16.7,22.2,0,1,16,7,0,0,0.7,2.2,1,1,1,0,3,3,4,2,6,1,88.1,91.1,88.1,90.9,50.0,50.0,16.7,22.2,42.25,57.75,50.57,49.43,48.4,51.6,49.5,50.5,90.55,9.45,63.98,36.02,56.03,43.97,52.57,47.43,82.03,17.97,80.11,19.89,47.26,52.74,27.26,72.74,47.8,52.2,37.64,62.36,65.13,34.87,48.14,51.86,32.43,67.57,36.46,63.54,2.2,0.7,16,7,3,3,a9368b3e
44.9,55.1,10,16,5,4,2,7,416,541,84.6,88.2,1,5,5,9,1,2,12,13,1.9,1.0,4,3,14,8,12,9,2,2,0,0,84.6,88.2,84.6,88.9,0.0,0.0,0.0,0.0,0,2,10,16,0,0,1.0,1.9,0,0,2,0,5,4,3,4,2,7,84.6,88.2,84.6,88.9,0.0,0.0,0.0,0.0,55.74,44.26,63.21,36.79,59.75,40.25,30.64,69.36,47.4,52.6,78.33,21.67,42.57,57.43,36.11,63.89,65.08,34.92,25.31,74.69,32.29,67.71,40.6,59.4,41.08,58.92,25.64,74.36,45.69,54.31,55.58,44.42,32.53,67.47,30.07,69.93,1.9,1.0,10,16,5,4,0b75101c
53.1,46.9,14,11,7,2,2,6,459,415,84.5,84.6,8,7,7,13,0,1,10,6,2.0,1.3,2,5,12,12,11,15,1,2,0,0,84.5,84.6,84.4,84.8,57.1,62.5,28.6,23.1,0,2,14,11,0,0,1.3,2.0,2,0,2,0,7,2,5,0,2,6,84.5,84.6,84.4,84.8,57.1,62.5,28.6,23.1,61.08,38.92,58.22,41.78,77.26,22.74,54.01,45.99,74.13,25.87,56.69,43.31,59.5,40.5,80.04,19.96,19.36,80.64,53.78,46.22,57.99,42.01,62.29,37.71,59.26,40.74,55.02,44.98,28.02,71.98,49.39,50.61,37.22,62.78,26.33,73.67,2.0,1.3,14,11,7,2,79fae39a
61.5,38.5,17,6,2,1,9,1,640,362,86.9,78.5,12,1,16,2,2,3,18,19,1.3,0.4,0,2,4,11,9,4,3,1,0,0,86.9,78.5,86.7,81.7,27.3,0.0,18.8,0.0,1,0,17,6,0,0,0.4,1.3,0,4,0,1,2,1,4,4,9,1,86.9,78.5,86.7,81.7,27.3,0.0,18.8,0.0,41.27,58.73,78.37,21.63,54.11,45.89,49.41,50.59,54.38,45.62,59.87,40.13,84.01,15.99,58.13,41.87,63.12,36.88,62.78,37.22,53.96,46.04,77.12,22.88,57.36,42.64,66.02,33.98,51.95,48.05,56.16,43.84,79.5,20.5,76.51,23.49,1.3,0.4,17,6,2,1,6907f62a
54.4,45.6,10,10,5,3,1,4,464,386,88.2,83.4,6,2,16,9,1,3,22,20,0.6,2.0,1,5,7,14,12,12,1,2,0,0,88.2,83.4,88.3,85.2,33.3,0.0,12.5,33.3,2,0,10,10,0,0,2.0,0.6,0,0,0,2,5,3,3,0,1,4,88.2,83.4,88.3,85.2,33.3,0.0,12.5,33.3,31.27,68.73,40.64,59.36,65.66,34.34,78.23,21.77,57.11,42.89,46.95,53.05,47.78,52.22,20.92,79.08,67.58,32.42,36.58,63.42,44.58,55.42,41.75,58.25,29.43,70.57,59.64,40.36,79.81,20.19,50.48,49.52,64.02,35.98,51.82,48.18,0.6,2.0,10,10,5,3,6a6aa9ea
49.5,50.5,14,17,6,7,1,4,325,357,81.2,79.5,8,5,10,10,3,2,16,5,1.6,2.6,4,5,14,11,19,12,5,3,1,0,81.2,79.5,81.1,78.8,18.2,42.9,20.0,60.0,3,1,14,17,0,0,2.6,1.6,0,6,1,3,6,7,6,5,1,4,81.2,79.5,81.1,78.8,18.2,42.9,20.0,60.0,45.55,54.45,71.4,28.6,54.07,45.93,27.71,72.29,23.71,76.29,52.99,47.01,50.37,49.63,52.82,47.18,33.02,66.98,44.49,55.51,70.53,29.47,53.97,46.03,47.2,52.8,64.49,35.51,53.8,46.2,58.57,41.43,44.95,55.05,50.12,49.88,1.6,2.6,14,17,6,7,c1358145
44.4,55.6,5,17,2,5,2,2,388,548,79.4,84.5,4,9,5,6,0,1,11,15,0.5,2.4,5,2,6,1,12,12,3,1,0,0,79.4,84.5,80.1,84.1,50.0,28.6,20.0,16.7,0,0,5,17,0,0,2.4,0.5,2,1,0,0,2,5,1,7,2,2,79.4,84.5,80.1,84.1,50.0,28.6,20.0,16.7,49.7,50.3,51.93,48.07,30.51,69.49,33.27,66.73,45.72,54.28,61.11,38.89,45.95,54.05,54.5,45.5,61.9,38.1,43.09,56.91,46.2,53.8,30.56,69.44,41.4,58.6,25.59,74.41,45.18,54.82,51.09,48.91,39.26,60.74,42.05,57.95,0.5,2.4,5,17,2,5,7ec751cc
58.7,41.3,20,10,12,2,2,5,500,395,85.4,75.2,9,1,7,6,1,1,19,13,5.5,0.8,2,5,7,1,15,23,3,3,0,0,85.4,75.2,85.3,74.5,50.0,0.0,42.9,33.3,0,7,20,10,0,0,0.8,5.5,1,1,7,0,12,2,4,2,2,5,85.4,75.2,85.3,74.5,50.0,0.0,42.9,33.3,70.54,29.46,70.64,29.36,66.24,33.76,58.54,41.46,71.88,28.12,61.63,38.37,64.43,35.57,41.94,58.06,77.8,22.2,46.98,53.02,60.03,39.97,42.28,57.72,44.22,55.78,40.21,59.79,47.24,52.76,47.6,52.4,57.01,42.99,82.9,17.1,5.5,0.9,20,10,12,2,b908ef80
43.1,56.9,15,15,5,3,5,3,395,589,81.0,86.3,6,1,4,0,3,4,8,14,2.7,1.0,1,4,4,7,9,9,2,2,0,0,81.0,86.3,81.7,86.4,42.9,100.0,0.0,0.0,2,1,15,15,0,0,1.0,2.7,0,2,1,2,5,3,4,7,5,3,81.0,86.3,81.7,86.4,42.9,100.0,0.0,0.0,37.38,62.62,50.87,49.13,52.11,47.89,44.17,55.83,54.86,45.14,16.35,83.65,46.44,53.56,57.79,42.21,77.36,22.64,26.15,73.85,43.82,56.18,56.04,43.96,40.38,59.62,27.27,72.73,47.75,52.25,44.92,55.08,42.67,57.33,41.62,58.38,2.7,1.0,15,15,5,3,25a239c1
60.1,39.9,21,12,4,7,6,0,521,371,84.8,76.8,10,5,16,4,1,0,15,9,2.1,3.1,5,4,4,12,2,9,0,2,0,0,84.8,76.8,84.3,78.6,42.9,0.0,31.3,0.0,2,0,21,12,0,0,3.1,2.1,2,2,0,2,4,7,5,4,6,0,84.8,76.8,84.3,78.6,42.9,0.0,31.3,0.0,44.97,55.03,64.6,35.4,51.91,48.09,44.64,55.36,72.32,27.68,40.42,59.58,51.29,48.71,55.72,44.28,68.92,31.08,54.8,45.2,80.44,19.56,75.69,24.31,71.17,28.83,62.88,37.12,61.01,38.99,56.32,43.68,49.25,50.75,91.8,8.2,2.1,3.2,21,12,4,7,804bf0fa
52.4,47.6,8,10,4,5,1,2,362,342,81.8,79.0,8,8,6,5,4,0,16,11,0.8,1.2,3,3,9,17,19,16,3,2,0,0,81.8,79.0,82.7,80.6,12.5,57.1,0.0,40.0,2,1,8,10,0,0,1.2,0.8,0,1,1,2,4,5,2,3,1,2,81.8,79.0,82.7,80.6,12.5,57.1,0.0,40.0,63.02,36.98,30.55,69.45,27.91,72.09,38.47,61.53,49.69,50.31,35.55,64.45,47.57,52.43,45.45,54.55,31.3,68.7,53.49,46.51,45.58,54.42,49.67,50.33,52.29,47.71,65.23,34.77,67.16,32.84,72.42,27.58,83.88,16.12,62.28,37.72,0.8,1.2,8,10,4,5,a56f6072
53.7,46.3,6,20,3,6,1,7,451,407,78.7,81.3,3,5,4,8,3,1,11,10,1.9,2.5,5,1,1,4,22,12,6,2,0,0,78.7,81.3,78.6,81.1,0.0,60.0,50.0,50.0,1,2,6,20,0,0,2.5,1.9,1,0,2,1,3,6,1,6,1,7,78.7,81.3,78.6,81.1,0.0,60.0,50.0,50.0,65.01,34.99,56.49,43.51,47.9,52.1,45.85,54.15,62.59,37.41,52.3,47.7,46.41,53.59,54.54,45.46,47.27,52.73,47.98,52.02,53.79,46.21,46.17,53.83,67.31,32.69,53.26,46.74,63.4,36.6,46.44,53.56,68.72,31.28,40.38,59.62,1.9,2.5,6,20,3,6,98a71c11
56.8,43.2,12,7,2,2,5,2,544,387,90.1,85.8,4,1,10,5,2,0,16,6,1.4,1.1,2,1,2,15,12,16,3,4,0,0,90.1,85.8,90.6,87.0,25.0,100.0,10.0,40.0,0,1,12,7,0,0,1.1,1.4,1,1,1,0,2,2,4,3,5,2,90.1,85.8,90.6,87.0,25.0,100.0,10.0,40.0,56.14,43.86,59.98,40.02,68.33,31.67,64.65,35.35,56.83,43.17,61.82,38.18,50.74,49.26,66.94,33.06,28.39,71.61,63.62,36.38,75.21,24.79,66.31,33.69,59.16,40.84,47.37,52.63,61.33,38.67,10.5,89.5,86.57,13.43,28.94,71.06,1.4,1.1,12,7,2,2,0b25b4a7
47.9,52.1,19,14,9,6,2,5,471,508,86.0,86.8,7,4,5,11,2,1,6,7,2.7,0.9,4,7,8,8,9,10,2,1,0,0,86.0,86.8,85.6,86.4,16.7,25.0,40.0,36.4,1,2,19,14,0,0,0.9,2.7,0,0,2,1,9,6,6,4,2,5,86.0,86.8,85.6,86.4,16.7,25.0,40.0,36.4,46.5,53.5,48.56,51.44,63.45,36.55,65.97,34.03,53.86,46.14,42.64,57.36,47.58,52.42,28.15,71.85,76.32,23.68,55.26,44.74,40.16,59.84,36.72,63.28,48.71,51.29,46.38,53.62,53.61,46.39,33.98,66.02,71.3,28.7,31.96,68.04,2.7,0.9,19,14,9,6,843f339f
47.2,52.8,13,17,4,6,3,7,314,443,86.0,90.7,7,5,11,8,0,2,9,6,1.3,1.6,6,3,7,8,15,14,3,1,0,0,86.0,90.7,86.2,91.0,40.0,28.6,45.5,25.0,0,1,13,17,0,0,1.6,1.3,1,3,1,0,4,6,4,3,3,7,86.0,90.7,86.2,91.0,40.0,28.6,45.5,25.0,28.93,71.07,50.37,49.63,51.8,48.2,74.14,25.86,82.17,17.83,35.32,64.68,47.84,52.16,59.74,40.26,56.02,43.98,55.41,44.59,75.37,24.63,45.55,54.45,32.47,67.53,57.59,42.41,33.89,66.11,19.02,80.98,30.91,69.09,30.69,69.31,1.3,1.6,13,17,4,6,24c9ddb6
48.1,51.9,16,13,6,8,4,0,373,477,79.6,85.3,5,5,5,6,2,1,12,4,1.9,2.9,4,3,7,6,17,5,7,3,1,0,79.6,85.3,79.5,86.0,37.5,40.0,40.0,33.3,4,3,16,13,0,0,2.9,1.9,0,1,3,4,6,8,5,4,4,0,79.6,85.3,79.5,86.0,37.5,40.0,40.0,33.3,67.18,32.82,28.38,71.62,26.39,73.61,53.67,46.33,63.33,36.67,43.89,56.11,41.43,58.57,70.02,29.98,64.86,35.14,49.19,50.81,67.45,32.55,35.82,64.18,32.64,67.36,41.72,58.28,26.6,73.4,60.48,39.52,31.36,68.64,73.43,26.57,1.9,2.9,16,13,6,8,c4a4b329
50.3,49.7,15,9,4,1,5,1,368,336,81.8,77.4,4,3,11,4,0,2,19,12,1.9,0.8,1,3,1,2,12,15,1,4,0,1,81.8,77.4,82.3,77.6,75.0,33.3,36.4,0.0,0,1,15,9,0,0,0.8,1.9,2,2,1,0,4,1,6,5,5,1,81.8,77.4,82.3,77.6,75.0,33.3,36.4,0.0,27.0,73.0,41.19,58.81,51.6,48.4,67.9,32.1,46.69,53.31,39.33,60.67,60.7,39.3,55.94,44.06,43.07,56.93,48.31,51.69,33.18,66.82,50.33,49.67,29.46,70.54,75.58,24.42,48.0,52.0,68.33,31.67,59.9,40.1,58.4,41.6,1.9,0.8,15,9,4,1,5732ec5a
51.7,48.3,21,11,7,3,6,4,506,475,85.2,84.4,3,4,9,9,2,2,14,7,4.6,0.7,3,4,11,9,8,5,2,1,0,1,85.2,84.4,85.2,84.3,66.7,0.0,66.7,0.0,0,3,21,11,0,0,0.7,4.6,1,1,3,0,7,3,6,4,6,4,85.2,84.4,85.2,84.3,66.7,0.0,66.7,0.0,63.79,36.21,70.59,29.41,73.08,26.92,29.76,70.24,66.17,33.83,52.77,47.23,52.87,47.13,49.98,50.02,54.44,45.56,41.61,58.39,45.08,54.92,50.67,49.33,24.47,75.53,10.71,89.29,62.41,37.59,44.7,55.3,53.77,46.23,68.63,31.37,4.6,0.7,21,11,7,3,6a3d1729
66.1,33.9,13,3,8,0,2,1,672,277,92.9,84.5,7,1,9,2,2,3,12,9,2.1,0.3,0,4,2,10,5,16,0,2,0,0,92.9,84.5,92.6,84.9,0.0,0.0,33.3,0.0,0,4,13,3,0,0,0.3,2.1,2,0,4,0,8,0,3,2,2,1,92.9,84.5,92.6,84.9,0.0,0.0,33.3,0.0,74.55,25.45,43.9,56.1,75.74,24.26,80.76,19.24,64.35,35.65,58.27,41.73,67.48,32.52,41.43,58.57,71.0,29.0,71.63,28.37,69.17,30.83,50.38,49.62,66.36,33.64,80.47,19.53,77.49,22.51,62.87,37.13,79.64,20.36,62.47,37.53,2.1,0.3,13,3,8,0,4c84665a
45.6,54.4,5,17,3,5,1,5,435,525,75.9,80.2,3,5,5,7,1,2,25,33,0.2,1.5,5,3,19,13,14,15,3,0,0,0,75.9,80.2,76.8,80.1,0.0,0.0,40.0,0.0,0,0,5,17,0,0,1.5,0.2,1,0,0,0,3,5,1,4,1,5,75.9,80.2,76.8,80.1,0.0,0.0,40.0,0.0,29.55,70.45,60.42,39.58,76.73,23.27,32.5,67.5,33.09,66.91,65.11,34.89,56.36,43.64,29.67,70.33,25.27,74.73,25.04,74.96,50.64,49.36,45.38,54.62,48.24,51.76,48.72,51.28,27.78,72.22,51.84,48.16,48.45,51.55,77.05,22.95,0.2,1.5,5,17,3,5,6fa88376
37.6,62.4,18,10,8,5,6,3,336,648,72.3,85.3,8,6,11,13,3,1,9,11,3.1,1.5,1,5,11,9,11,10,4,3,0,0,72.3,85.3,72.3,84.7,33.3,0.0,18.2,23.1,3,3,18,10,0,0,1.5,3.1,1,3,3,3,8,5,3,2,6,3,72.3,85.3,72.3,84.7,33.3,0.0,18.2,23.1,47.91,52.09,42.67,57.33,35.76,64.24,30.85,69.15,30.12,69.88,44.6,55.4,49.01,50.99,68.34,31.66,54.29,45.71,18.11,81.89,42.12,57.88,13.33,86.67,39.65,60.35,46.72,53.28,45.74,54.26,30.03,69.97,31.83,68.17,43.27,56.73,3.1,1.5,18,10,8,5,af140171
45.3,54.7,16,13,6,3,3,5,482,610,84.7,86.6,5,3,9,2,2,0,7,13,2.3,1.5,1,5,4,13,11,11,1,3,0,0,84.7,86.6,84.0,86.9,16.7,100.0,11.1,50.0,2,1,16,13,0,0,1.5,2.3,0,1,1,2,6,3,7,4,3,5,84.7,86.6,84.0,86.9,16.7,100.0,11.1,50.0,40.07,59.93,33.38,66.62,44.5,55.5,56.79,43.21,51.22,48.78,45.48,54.52,50.05,49.95,36.07,63.93,62.66,37.34,40.19,59.81,47.0,53.0,35.73,64.27,33.14,66.86,41.92,58.08,43.14,56.86,68.61,31.39,30.15,69.85,61.31,38.69,2.3,1.5,16,13,6,3,d91ba6d4
46.5,53.5,20,18,8,6,4,9,477,544,84.7,83.6,2,8,4,4,4,3,15,9,1.8,1.6,7,7,9,4,10,15,2,3,0,0,84.7,83.6,84.3,83.5,100.0,28.6,25.0,50.0,0,0,20,18,0,0,1.6,1.8,2,1,0,0,8,6,9,3,4,9,84.7,83.6,84.3,83.5,100.0,28.6,25.0,50.0,59.76,40.24,42.03,57.97,41.36,58.64,31.34,68.66,56.34,43.66,49.01,50.99,36.86,63.14,63.92,36.08,33.53,66.47,47.75,52.25,51.24,48.76,39.8,60.2,57.78,42.22,24.24,75.76,46.29,53.71,46.16,53.84,56.27,43.73,68.26,31.74,1.8,1.6,20,18,8,6,8370e7f0
57.4,42.6,24,11,5,7,8,0,454,333,83.7,77.8,9,3,16,3,6,0,20,14,1.6,1.3,5,4,2,11,10,10,2,5,0,0,83.7,77.8,83.7,78.7,85.7,0.0,25.0,0.0,2,1,24,11,0,0,1.3,1.6,0,0,1,2,5,7,8,4,8,0,83.7,77.8,83.7,78.7,85.7,0.0,25.0,0.0,55.92,44.08,57.05,42.95,58.17,41.83,34.24,65.76,42.37,57.63,41.73,58.27,81.13,18.87,63.76,36.24,24.73,75.27,69.27,30.73,55.02,44.98,38.81,61.19,49.14,50.86,78.88,21.12,72.31,27.69,63.95,36.05,38.38,61.62,69.76,30.24,1.6,1.3,24,11,5,7,d3b23521
52.4,47.6,16,12,8,4,2,5,445,362,80.0,75.7,5,4,5,10,3,1,19,16,3.2,0.9,4,5,9,3,12,16,1,3,0,0,80.0,75.7,80.2,75.6,60.0,50.0,40.0,30.0,1,3,16,12,0,0,0.9,3.2,1,2,3,0,8,4,3,3,2,5,80.0,75.7,80.2,75.6,60.0,50.0,40.0,30.0,53.63,46.37,59.58,40.42,66.53,33.47,64.84,35.16,43.38,56.62,59.51,40.49,56.02,43.98,48.4,51.6,69.7,30.3,41.82,58.18,39.57,60.43,50.74,49.26,48.95,51.05,75.08,24.92,43.11,56.89,61.99,38.01,58.7,41.3,28.88,71.12,3.2,0.9,16,12,8,4,351a81dd
45.3,54.7,15,10,6,4,5,3,408,516,81.1,83.7,3,5,7,7,1,5,10,4,2.7,0.9,3,4,15,7,13,11,2,2,0,0,81.1,83.7,80.6,84.1,0.0,0.0,71.4,14.3,1,2,15,10,0,0,0.9,2.7,2,1,2,1,6,4,4,3,5,3,81.1,83.7,80.6,84.1,0.0,0.0,71.4,14.3,72.8,27.2,31.06,68.94,62.62,37.38,59.86,40.14,63.91,36.09,51.46,48.54,43.05,56.95,46.29,53.71,43.2,56.8,50.38,49.62,44.99,55.01,33.1,66.9,33.97,66.03,33.33,66.67,55.96,44.04,29.7,70.3,34.74,65.26,35.44,64.56,2.7,0.9,15,10,6,4,47e971b9
47.9,52.1,8,11,5,3,3,5,490,541,85.9,86.7,5,5,5,5,2,0,3,4,0.6,0.4,3,4,6,6,9,13,1,2,0,0,85.9,86.7,86.0,86.4,0.0,0.0,20.0,20.0,0,1,8,11,0,0,0.4,0.6,0,1,1,0,5,3,0,3,3,5,85.9,86.7,86.0,86.4,0.0,0.0,20.0,20.0,45.16,54.84,11.76,88.24,70.01,29.99,38.75,61.25,37.78,62.22,72.26,27.74,20.59,79.41,35.94,64.06,53.4,46.6,80.79,19.21,61.32,38.68,24.49,75.51,46.67,53.33,73.49,26.51,45.26,54.74,39.42,60.58,37.74,62.26,35.51,64.49,0.6,0.4,8,11,5,3,ae0d35fc
49.4,50.6,6,13,4,1,2,6,418,484,80.6,85.7,2,7,3,6,4,1,22,14,1.2,1.3,1,2,7,4,20,12,2,3,0,0,80.6,85.7,82.2,85.8,50.0,14.3,33.3,16.7,1,2,6,13,0,0,1.3,1.2,2,1,2,0,4,1,0,5,2,6,80.6,85.7,82.2,85.8,50.0,14.3,33.3,16.7,85.34,14.66,45.6,54.4,51.84,48.16,57.44,42.56,41.6,58.4,29.11,70.89,70.14,29.86,61.72,38.28,53.99,46.01,63.62,36.38,62.04,37.96,42.59,57.41,40.25,59.75,37.3,62.7,49.04,50.96,61.94,38.06,37.74,62.26,33.63,66.37,1.2,1.3,6,13,4,1,53bfea2b
46.8,53.2,10,16,4,8,3,0,406,414,84.7,84.5,2,6,3,10,0,3,7,10,1.4,2.4,7,2,6,7,11,15,5,3,0,0,84.7,84.5,86.3,85.0,0.0,83.3,33.3,10.0,1,2,10,16,0,0,2.4,1.4,0,0,2,1,4,8,3,6,3,0,84.7,84.5,86.3,85.0,0.0,83.3,33.3,10.0,40.97,59.03,53.8,46.2,59.95,40.05,34.29,65.71,65.42,34.58,64.76,35.24,33.24,66.76,73.59,26.41,47.26,52.74,50.81,49.19,55.83,44.17,42.4,57.6,45.59,54.41,36.84,63.16,40.07,59.93,26.09,73.91,38.55,61.45,41.15,58.85,1.4,2.4,10,16,4,8,a47a1ea2
53.0,47.0,8,11,2,4,3,1,492,432,87.0,83.3,6,5,11,8,0,4,9,12,0.7,0.6,4,1,7,8,15,9,5,1,0,0,87.0,83.3,86.7,83.3,75.0,50.0,27.3,25.0,0,1,8,11,0,0,0.6,0.7,1,2,1,0,2,4,2,6,3,1,87.0,83.3,86.7,83.3,75.0,50.0,27.3,25.0,55.15,44.85,45.8,54.2,50.36,49.64,58.95,41.05,45.28,54.72,22.5,77.5,72.69,27.31,66.53,33.47,56.33,43.67,37.61,62.39,36.46,63.54,67.55,32.45,38.51,61.49,58.68,41.32,61.93,38.07,41.39,58.61,83.61,16.39,81.86,18.14,0.7,0.6,8,11,2,4,2e362b0d
42.4,57.6,7,19,5,13,0,0,382,572,83.8,90.0,1,3,1,14,1,2,9,16,2.2,2.9,11,2,17,3,11,12,1,1,0,0,83.8,90.0,84.8,90.0,0.0,50.0,0.0,0.0,2,4,7,19,0,0,2.9,2.2,2,0,4,2,5,13,2,4,0,0,83.8,90.0,84.8,90.0,0.0,50.0,0.0,0.0,51.64,48.36,43.32,56.68,93.79,6.21,49.01,50.99,5.07,94.93,83.45,16.55,35.85,64.15,30.36,69.64,39.93,60.07,36.45,63.55,25.93,74.07,71.58,28.42,39.02,60.98,54.37,45.63,19.86,80.14,24.23,75.77,35.64,64.36,38.09,61.91,2.2,2.9,7,19,5,13,6b0c0d97
56.2,43.8,13,10,5,4,4,3,434,367,81.8,78.5,10,3,16,7,4,1,17,18,1.9,1.2,2,3,14,27,12,13,1,2,0,0,81.8,78.5,81.6,79.3,33.3,0.0,12.5,28.6,2,2,13,10,0,0,1.2,1.9,0,2,2,2,5,4,3,3,4,3,81.8,78.5,81.6,79.3,33.3,0.0,12.5,28.6,25.23,74.77,56.52,43.48,69.81,30.19,74.14,25.86,68.26,31.74,47.97,52.03,54.28,45.72,57.53,42.47,53.94,46.06,41.83,58.17,52.8,47.2,39.85,60.15,69.29,30.71,59.76,40.24,55.76,44.24,60.55,39.45,44.66,55.34,76.86,23.14,1.9,1.2,13,10,5,4,f5495d15
53.5,46.5,21,9,7,4,7,1,498,432,89.8,89.6,11,4,17,4,0,2,6,4,2.0,0.5,4,6,6,11,11,10,5,2,0,0,89.8,89.6,90.6,89.6,44.4,33.3,47.1,25.0,0,1,21,9,0,0,0.5,2.0,0,1,1,0,7,4,5,1,7,1,89.8,89.6,90.6,89.6,44.4,33.3,47.1,25.0,78.33,21.67,67.86,32.14,59.41,40.59,41.83,58.17,55.91,44.09,61.86,38.14,48.79,51.21,36.12,63.88,30.18,69.82,35.66,64.34,52.23,47.77,69.4,30.6,69.03,30.97,84.76,15.24,44.78,55.22,67.62,32.38,34.63,65.37,23.15,76.85,2.0,0.5,21,9,7,4,9182aa68
37.1,62.9,17,7,6,5,6,0,406,742,82.3,89.2,4,4,6,5,7,3,10,5,2.5,1.3,4,4,6,3,12,12,1,1,0,0,82.3,89.2,82.1,88.8,25.0,0.0,16.7,0.0,1,1,17,7,0,0,1.3,2.5,1,0,1,1,6,5,5,2,6,0,82.3,89.2,82.1,88.8,25.0,0.0,16.7,0.0,49.3,50.7,40.07,59.93,20.33,79.67,29.07,70.93,23.13,76.87,25.92,74.08,62.19,37.81,25.38,74.62,36.56,63.44,52.31,47.69,34.93,65.07,48.57,51.43,51.67,48.33,59.34,40.66,22.38,77.62,38.08,61.92,25.1,74.9,24.96,75.04,2.5,1.3,17,7,6,5,6d578266
53.8,46.2,9,19,4,4,2,4,553,454,88.6,86.1,2,8,9,13,2,2,7,4,1.5,1.9,3,3,9,7,10,8,2,0,0,0,88.6,86.1,88.3,86.1,33.3,42.9,22.2,7.7,1,1,9,19,0,0,1.9,1.5,0,0,1,1,4,4,3,11,2,4,88.6,86.1,88.3,86.1,33.3,42.9,22.2,7.7,43.65,56.35,45.46,54.54,42.58,57.42,70.39,29.61,38.22,61.78,50.77,49.23,49.89,50.11,44.68,55.32,61.71,38.29,57.32,42.68,75.45,24.55,70.63,29.37,38.16,61.84,59.41,40.59,60.38,39.62,45.3,54.7,39.45,60.55,74.5,25.5,1.5,1.9,9,19,4,4,b58463fd
45.2,54.8,19,18,10,7,4,7,417,546,88.0,88.8,5,3,10,15,2,1,7,4,3.0,2.0,4,6,8,4,8,5,3,1,0,0,88.0,88.8,87.4,89.3,0.0,0.0,30.0,13.3,3,4,19,18,0,0,2.0,3.0,3,3,4,3,10,7,4,4,4,7,88.0,88.8,87.4,89.3,0.0,0.0,30.0,13.3,51.19,48.81,56.99,43.01,40.8,59.2,49.55,50.45,19.54,80.46,67.43,32.57,25.19,74.81,47.3,52.7,61.16,38.84,44.84,55.16,25.97,74.03,32.29,67.71,61.66,38.34,51.22,48.78,42.71,57.29,41.77,58.23,19.61,80.39,61.91,38.09,3.0,2.0,19,18,10,7,7d9ffd64
58.5,41.5,14,14,5,4,4,5,472,328,76.1,73.2,7,4,4,4,1,0,24,26,1.5,1.9,3,5,8,18,13,19,2,4,0,1,76.1,73.2,75.2,74.2,0.0,25.0,0.0,0.0,1,0,14,14,0,0,1.9,1.5,0,0,0,1,5,4,3,5,4,5,76.1,73.2,75.2,74.2,0.0,25.0,0.0,0.0,51.27,48.73,43.03,56.97,71.08,28.92,39.47,60.53,46.9,53.1,48.48,51.52,61.11,38.89,44.85,55.15,34.33,65.67,63.57,36.43,71.38,28.62,63.63,36.37,55.83,44.17,60.41,39.59,80.71,19.29,65.13,34.87,77.69,22.31,58.66,41.34,1.5,1.9,14,14,5,4,3b33f617
52.9,47.1,14,8,4,3,2,1,449,380,77.3,76.0,8,2,1,2,2,0,15,14,1.1,1.8,2,2,0,6,12,11,2,2,0,0,77.3,76.0,77.7,76.3,62.5,0.0,0.0,50.0,1,1,14,8,0,0,1.8,1.1,1,1,1,1,4,3,8,3,2,1,77.3,76.0,77.7,76.3,62.5,0.0,0.0,50.0,71.12,28.88,50.92,49.08,63.96,36.04,49.2,50.8,64.05,35.95,72.87,27.13,41.84,58.16,27.56,72.44,50.18,49.82,37.38,62.62,57.18,42.82,33.16,66.84,36.09,63.91,48.58,51.42,55.74,44.26,53.95,46.05,47.2,52.8,47.64,52.36,1.1,1.8,14,8,4,3,5848925c
58.3,41.7,15,18,8,10,3,4,530,362,85.8,79.8,2,8,6,5,2,1,17,10,1.4,2.4,8,7,7,2,11,18,1,2,0,0,85.8,79.8,85.9,81.0,50.0,57.1,16.7,0.0,3,1,15,18,0,0,2.4,1.4,2,2,1,2,8,10,4,4,3,4,85.8,79.8,85.9,81.0,50.0,57.1,16.7,0.0,59.75,40.25,70.86,29.14,46.19,53.81,29.4,70.6,73.37,26.63,70.09,29.91,60.15,39.85,78.48,21.52,44.76,55.24,58.32,41.68,45.3,54.7,43.73,56.27,81.97,18.03,81.75,18.25,65.87,34.13,73.0,27.0,55.25,44.75,61.31,38.69,1.4,2.3,15,18,8,10,3f143e00
49.8,50.2,8,16,3,7,2,6,433,469,82.2,83.2,6,4,14,10,1,3,15,13,1.1,3.2,6,2,25,15,14,14,4,2,1,0,82.2,83.2,83.0,82.6,20.0,25.0,7.1,20.0,1,1,8,16,0,0,3.2,1.1,2,3,1,1,3,7,2,2,2,6,82.2,83.2,83.0,82.6,20.0,25.0,7.1,20.0,43.89,56.11,77.05,22.95,51.94,48.06,55.76,44.24,62.96,37.04,62.81,37.19,60.06,39.94,53.89,46.11,33.05,66.95,61.17,38.83,65.47,34.53,55.68,44.32,45.22,54.78,47.18,52.82,40.32,59.68,25.09,74.91,40.48,59.52,24.43,75.57,1.1,3.2,8,16,3,7,3caf9938
41.3,58.7,14,16,6,6,4,7,422,692,84.8,89.6,4,5,2,4,1,2,7,9,1.1,2.3,4,6,4,2,9,14,2,4,0,0,84.8,89.6,84.0,89.9,50.0,40.0,0.0,25.0,2,0,14,16,0,0,2.3,1.1,1,1,0,2,6,6,4,2,4,7,84.8,89.6,84.0,89.9,50.0,40.0,0.0,25.0,43.81,56.19,34.02,65.98,17.49,82.51,38.03,61.97,53.4,46.6,17.22,82.78,40.64,59.36,32.56,67.44,21.79,78.21,39.13,60.87,40.09,59.91,47.41,52.59,32.61,67.39,32.59,67.41,55.38,44.62,51.74,48.26,58.35,41.65,68.11,31.89,1.1,2.3,14,16,6,6,f9c60edd
66.6,33.4,16,10,5,7,6,1,607,298,89.8,80.5,5,3,11,4,2,4,11,11,2.4,2.4,5,2,5,8,13,7,6,1,0,0,89.8,80.5,89.6,80.2,50.0,25.0,36.4,0.0,2,3,16,10,0,0,2.4,2.4,1,0,3,2,5,7,5,1,6,1,89.8,80.5,89.6,80.2,50.0,25.0,36.4,0.0,43.56,56.44,54.18,45.82,76.67,23.33,61.54,38.46,72.63,27.37,77.2,22.8,87.55,12.45,60.21,39.79,83.16,16.84,54.66,45.34,61.43,38.57,66.25,33.75,52.47,47.53,39.94,60.06,81.34,18.66,58.81,41.19,83.63,16.37,74.06,25.94,2.4,2.4,16,10,5,7,bac85cf2
46.8,53.2,17,9,7,3,5,5,378,501,79.6,83.0,9,10,11,9,4,3,16,14,2.5,0.3,2,4,12,4,11,11,0,2,0,0,79.6,83.0,81.0,83.6,28.6,0.0,45.5,22.2,1,3,17,9,0,0,0.3,2.5,3,2,3,1,7,3,4,1,5,5,79.6,83.0,81.0,83.6,28.6,0.0,45.5,22.2,62.66,37.34,47.3,52.7,60.96,39.04,58.16,41.84,47.17,52.83,52.96,47.04,54.89,45.11,60.4,39.6,49.87,50.13,54.27,45.73,44.87,55.13,37.22,62.78,17.14,82.86,26.48,73.52,33.33,66.67,47.88,52.12,52.75,47.25,42.22,57.78,2.5,0.3,17,9,7,3,af5c1a97
56.8,43.2,19,14,7,8,5,1,577,428,89.4,87.4,3,4,7,12,0,0,14,14,1.2,1.3,6,4,6,3,12,11,1,2,0,0,89.4,87.4,90.6,87.4,50.0,75.0,28.6,25.0,2,3,19,14,0,0,1.3,1.2,1,1,3,2,7,8,7,5,5,1,89.4,87.4,90.6,87.4,50.0,75.0,28.6,25.0,42.73,57.27,70.43,29.57,49.36,50.64,39.41,60.59,26.73,73.27,65.78,34.22,36.91,63.09,84.16,15.84,75.12,24.88,51.53,48.47,42.15,57.85,64.38,35.62,63.1,36.9,47.98,52.02,73.72,26.28,74.92,25.08,64.21,35.79,57.09,42.91,1.2,1.3,19,14,7,8,14aa59c5
49.2,50.8,11,7,3,3,2,1,529,531,80.5,83.2,4,6,12,9,2,0,19,13,1.0,1.2,3,2,16,10,8,10,2,2,0,0,80.5,83.2,81.3,82.6,50.0,40.0,33.3,0.0,0,1,11,7,0,0,1.2,1.0,0,2,1,0,3,3,5,2,2,1,80.5,83.2,81.3,82.6,50.0,40.0,33.3,0.0,60.91,39.09,76.81,23.19,23.85,76.15,63.37,36.63,60.63,39.37,38.09,61.91,61.47,38.53,54.49,45.51,51.4,48.6,54.19,45.81,30.06,69.94,39.25,60.75,59.15,40.85,51.87,48.13,54.18,45.82,45.51,54.49,57.27,42.73,32.72,67.28,1.0,1.2,11,7,3,3,17c46a3f
52.7,47.3,12,8,5,3,3,2,433,385,83.8,84.2,5,5,11,4,3,0,10,7,0.7,1.1,2,4,3,12,11,18,1,4,0,0,83.8,84.2,84.2,85.3,33.3,16.7,18.2,0.0,1,1,12,8,0,0,1.1,0.7,1,1,1,1,5,3,3,3,3,2,83.8,84.2,84.2,85.3,33.3,16.7,18.2,0.0,43.04,56.96,74.39,25.61,32.65,67.35,43.52,56.48,75.19,24.81,63.07,36.93,38.17,61.83,56.78,43.22,49.47,50.53,37.48,62.52,55.97,44.03,78.27,21.73,59.51,40.49,58.79,41.21,54.21,45.79,54.72,45.28,58.59,41.41,31.57,68.43,0.7,1.1,12,8,5,3,b42f5a91
42.8,57.2,17,6,4,4,5,1,440,624,86.6,89.1,7,3,3,2,4,2,11,11,2.7,0.7,2,3,4,5,11,12,0,1,0,0,86.6,89.1,86.6,89.7,33.3,0.0,0.0,0.0,2,1,17,6,0,0,0.7,2.7,0,0,1,2,4,4,4,1,5,1,86.6,89.1,86.6,89.7,33.3,0.0,0.0,0.0,42.8,57.2,34.97,65.03,66.23,33.77,32.56,67.44,34.43,65.57,24.26,75.74,53.69,46.31,21.99,78.01,62.36,37.64,17.28,82.72,30.58,69.42,7.26,92.74,47.44,52.56,48.94,51.06,53.5,46.5,29.26,70.74,56.78,43.22,72.59,27.41,2.7,0.7,17,6,4,4,aa25320a
57.5,42.5,24,11,10,4,8,5,605,342,86.3,79.5,7,4,13,6,1,2,12,13,4.7,1.9,1,5,9,16,12,6,1,2,0,1,86.3,79.5,86.0,79.9,33.3,20.0,23.1,0.0,2,4,24,11,0,0,1.9,4.7,2,0,4,2,10,4,6,2,8,5,86.3,79.5,86.0,79.9,33.3,20.0,23.1,0.0,35.95,64.05,56.62,43.38,41.73,58.27,56.2,43.8,72.32,27.68,66.28,33.72,58.58,41.42,71.21,28.79,62.02,37.98,48.5,51.5,60.82,39.18,71.76,28.24,43.71,56.29,56.28,43.72,54.72,45.28,70.0,30.0,66.9,33.1,100.0,,4.7,1.9,24,11,10,4,4471cd40
47.8,52.2,11,15,5,6,4,5,477,522,87.4,89.1,4,5,9,2,0,2,15,5,1.9,2.3,3,2,5,3,6,10,0,2,0,0,87.4,89.1,87.2,89.7,25.0,0.0,44.4,100.0,3,3,11,15,0,0,2.3,1.9,0,2,3,3,5,6,2,4,4,5,87.4,89.1,87.2,89.7,25.0,0.0,44.4,100.0,46.83,53.17,43.07,56.93,18.28,81.72,45.16,54.84,63.73,36.27,63.77,36.23,83.95,16.05,12.68,87.33,40.5,59.5,52.31,47.69,33.89,66.11,28.93,71.07,31.57,68.43,70.85,29.15,67.37,32.63,52.26,47.74,63.49,36.51,67.19,32.81,2.0,2.3,11,15,5,6,3e8cc2d0
60.3,39.7,14,15,3,6,8,2,554,299,87.9,80.6,7,6,13,17,1,2,20,30,1.6,2.7,3,2,15,15,10,17,3,3,0,0,87.9,80.6,87.8,82.3,50.0,33.3,15.4,47.1,3,2,14,15,0,0,2.7,1.6,2,1,1,3,3,6,3,6,8,2,87.9,80.6,87.8,82.3,50.0,33.3,15.4,47.1,65.77,34.23,63.19,36.81,59.3,40.7,60.59,39.41,68.29,31.71,65.32,34.68,36.13,63.87,49.79,50.21,46.66,53.34,40.84,59.16,67.31,32.69,57.52,42.48,73.08,26.92,72.72,27.28,74.58,25.42,58.08,41.92,62.71,37.29,67.84,32.16,1.6,2.7,14,15,3,6,b2d34c79
47.9,52.1,9,11,2,3,1,2,551,570,85.5,86.1,8,0,5,10,6,2,8,10,1.1,1.0,3,1,6,6,14,13,1,2,0,0,85.5,86.1,85.3,86.1,57.1,0.0,20.0,30.0,0,1,9,11,0,0,1.0,1.1,0,0,1,0,2,3,5,5,1,2,85.5,86.1,85.3,86.1,57.1,0.0,20.0,30.0,63.25,36.75,62.51,37.49,26.19,73.81,58.45,41.55,46.44,53.56,53.15,46.85,38.02,61.98,54.91,45.09,29.85,70.15,48.33,51.67,48.69,51.31,58.68,41.32,41.12,58.88,43.65,56.35,72.65,27.35,48.0,52.0,28.24,71.76,42.28,57.72,1.1,1.0,9,11,2,3,72e01853
59.2,40.8,22,8,12,3,6,1,573,341,85.3,78.0,9,1,9,2,5,1,27,13,3.0,2.7,0,7,6,31,15,17,3,2,0,1,85.3,78.0,85.2,79.7,50.0,100.0,33.3,0.0,3,4,22,8,0,0,2.7,3.0,1,0,4,3,12,3,4,4,6,1,85.3,78.0,85.2,79.7,50.0,100.0,33.3,0.0,69.02,30.98,78.58,21.42,58.16,41.84,63.84,36.16,63.08,36.92,66.66,33.34,73.68,26.32,69.93,30.07,48.09,51.91,63.71,36.29,52.45,47.55,50.01,49.99,76.31,23.69,23.23,76.77,67.87,32.13,56.96,43.04,78.54,21.46,67.66,32.34,3.0,2.7,22,8,12,3,98566308
49.4,50.6,11,9,4,4,2,1,415,396,75.9,77.5,5,8,8,8,1,0,12,12,1.4,1.2,3,3,6,7,16,8,3,3,0,0,75.9,77.5,76.9,77.5,25.0,25.0,12.5,37.5,1,1,11,9,0,0,1.2,1.4,0,2,1,1,4,4,5,4,2,1,75.9,77.5,76.9,77.5,25.0,25.0,12.5,37.5,47.23,52.77,51.08,48.92,38.94,61.06,49.59,50.41,62.16,37.84,62.86,37.14,53.66,46.34,26.57,73.43,55.27,44.73,51.99,48.01,61.29,38.71,24.59,75.41,43.32,56.68,51.23,48.77,51.86,48.14,91.55,8.45,29.99,70.01,58.49,41.51,1.4,1.2,11,9,4,4,78d4bb3a
47.9,52.1,11,15,4,7,3,1,474,509,86.1,85.1,4,3,12,7,3,2,16,12,1.4,2.1,3,2,3,9,16,15,4,3,0,0,86.1,85.1,86.0,85.5,25.0,100.0,25.0,14.3,4,3,11,15,0,0,2.1,1.4,0,2,2,4,4,7,3,7,3,1,86.1,85.1,86.0,85.5,25.0,100.0,25.0,14.3,62.86,37.14,43.99,56.01,35.14,64.86,62.53,37.47,61.4,38.6,56.61,43.39,49.06,50.94,36.19,63.81,66.66,33.34,36.94,63.06,32.31,67.69,60.34,39.66,49.48,50.52,38.6,61.4,27.02,72.98,41.51,58.49,51.58,48.42,48.74,51.26,1.4,2.1,11,15,4,7,8fbe0e59
47.2,52.8,9,17,2,3,4,5,489,559,81.2,83.9,4,6,2,14,0,0,6,8,0.9,1.9,3,1,20,16,11,7,0,3,0,0,81.2,83.9,82.0,83.6,0.0,40.0,0.0,28.6,0,1,9,17,0,0,1.9,0.9,3,1,1,0,2,3,2,8,4,5,81.2,83.9,82.0,83.6,0.0,40.0,0.0,28.6,78.3,21.7,38.74,61.26,60.95,39.05,38.29,61.71,50.8,49.2,62.16,37.84,41.4,58.6,30.62,69.38,43.46,56.54,54.15,45.85,37.31,62.69,45.01,54.99,25.26,74.74,37.53,62.47,52.99,47.01,58.52,41.48,49.29,50.71,22.49,77.51,0.9,1.9,9,17,2,3,2035f46e
46.5,53.5,12,10,3,1,3,2,361,442,76.7,80.3,7,5,9,17,3,2,14,16,1.1,1.0,1,2,13,10,7,11,2,3,0,0,76.7,80.3,77.8,80.9,22.2,66.7,22.2,5.9,0,1,12,10,0,0,1.0,1.1,0,1,1,0,3,1,5,7,3,2,76.7,80.3,77.8,80.9,22.2,66.7,22.2,5.9,42.12,57.88,68.33,31.67,41.76,58.24,59.64,40.36,71.28,28.72,65.78,34.22,45.88,54.12,64.45,35.55,43.27,56.73,50.68,49.32,66.55,33.45,46.09,53.91,32.73,67.27,37.65,62.35,46.48,53.52,18.88,81.12,20.34,79.66,25.69,74.31,1.1,1.0,12,10,3,1,5c7fe8cf
55.4,44.6,15,3,4,1,4,1,650,546,89.1,86.8,9,1,3,4,2,1,9,5,2.4,0.1,1,3,2,6,9,8,2,1,0,0,89.1,86.8,89.0,86.6,66.7,0.0,0.0,0.0,0,1,15,3,0,0,0.1,2.4,0,3,1,0,4,1,7,0,4,1,89.1,86.8,89.0,86.6,66.7,0.0,0.0,0.0,73.03,26.97,24.32,75.68,70.91,29.09,48.29,51.71,50.95,49.05,60.11,39.89,32.09,67.91,72.05,27.95,29.71,70.29,57.12,42.88,54.33,45.67,57.91,42.09,59.6,40.4,72.96,27.04,66.84,33.16,58.19,41.81,71.81,28.19,52.04,47.96,2.4,0.1,15,3,4,1,cc344d5f
64.6,35.4,19,7,4,3,4,0,551,291,87.5,75.6,9,1,16,3,2,2,29,16,2.0,1.2,1,4,1,6,8,19,1,1,0,0,87.5,75.6,87.6,77.4,14.3,0.0,25.0,66.7,2,0,19,7,0,0,1.2,2.0,0,0,0,2,4,3,8,2,4,0,87.5,75.6,87.6,77.4,14.3,0.0,25.0,66.7,56.5,43.5,45.74,54.26,69.21,30.79,55.43,44.57,77.93,22.07,59.61,40.39,53.96,46.04,42.68,57.32,71.87,28.13,77.42,22.58,63.35,36.65,86.21,13.79,61.31,38.69,82.69,17.31,62.7,37.3,65.68,34.32,72.05,27.95,56.57,43.43,2.0,1.2,19,7,4,3,a8c3c253
47.4,52.6,14,15,3,8,3,2,436,575,85.1,88.9,6,4,12,1,2,3,5,8,1.4,1.8,5,2,4,15,10,11,1,1,0,0,85.1,88.9,85.5,89.1,0.0,33.3,33.3,0.0,3,1,14,15,0,0,1.8,1.4,0,1,1,3,3,8,5,4,3,2,85.1,88.9,85.5,89.1,0.0,33.3,33.3,0.0,48.49,51.51,45.08,54.92,50.86,49.14,69.39,30.61,38.07,61.93,42.7,57.3,35.93,64.07,48.11,51.89,49.84,50.16,19.78,80.22,60.45,39.55,39.68,60.32,52.87,47.13,81.68,18.32,63.85,36.15,65.76,34.24,42.28,57.72,49.27,50.73,1.4,1.8,14,15,3,8,5d90fd35
36.2,63.8,10,12,4,4,3,2,325,610,79.7,87.7,4,4,9,8,2,1,8,10,2.2,0.8,2,1,5,10,10,10,2,1,0,0,79.7,87.7,80.1,87.8,0.0,0.0,33.3,12.5,2,3,10,12,0,0,0.8,2.2,1,2,3,2,4,4,2,6,3,2,79.7,87.7,80.1,87.8,0.0,0.0,33.3,12.5,18.26,81.74,38.21,61.79,32.88,67.12,54.98,45.02,14.73,85.27,23.68,76.32,38.55,61.45,30.83,69.17,43.47,56.53,27.0,73.0,32.28,67.72,53.08,46.92,48.0,52.0,52.54,47.46,39.17,60.83,36.27,63.73,64.92,35.08,3.28,96.72,2.2,0.8,10,12,4,4,39375bdb
54.3,45.7,20,16,6,3,7,5,463,393,88.1,84.5,3,8,6,13,2,3,11,7,2.7,2.4,2,4,6,4,6,9,4,3,0,0,88.1,84.5,87.8,84.6,33.3,44.4,33.3,30.8,1,2,20,16,0,0,2.4,2.7,1,0,2,1,6,3,7,5,7,5,88.1,84.5,87.8,84.6,33.3,44.4,33.3,30.8,79.91,20.09,36.26,63.74,56.48,43.52,55.35,44.65,61.54,38.46,47.53,52.47,60.48,39.52,86.01,13.99,74.75,25.25,64.61,35.39,32.49,67.51,32.64,67.36,56.58,43.42,51.87,48.13,46.22,53.78,20.34,79.66,46.61,53.39,54.46,45.54,2.7,2.4,20,16,6,3,219c9a98
43.1,56.9,11,19,2,6,3,7,447,651,80.5,90.0,0,7,9,12,4,1,25,16,1.0,1.5,6,2,13,3,16,11,5,1,0,0,80.5,90.0,80.2,89.9,100.0,0.0,44.4,16.7,0,0,11,19,0,0,1.5,1.0,3,0,0,0,2,6,6,4,3,7,80.5,90.0,80.2,89.9,100.0,0.0,44.4,16.7,40.53,59.47,26.64,73.36,33.55,66.45,34.26,65.74,30.01,69.99,46.07,53.93,47.0,53.0,39.09,60.91,57.6,42.4,52.21,47.79,42.27,57.73,30.15,69.85,45.36,54.64,66.58,33.42,60.08,39.92,46.77,53.23,45.13,54.87,46.98,53.02,1.0,1.5,11,19,2,6,19b7a8a6
49.3,50.7,14,13,5,3,4,1,519,483,86.1,86.8,5,8,9,16,0,4,10,6,1.1,1.3,2,3,8,14,6,9,0,0,0,0,86.1,86.8,87.0,87.1,0.0,0.0,11.1,12.5,1,2,14,13,0,0,1.3,1.1,1,0,2,1,5,3,5,9,4,1,86.1,86.8,87.0,87.1,0.0,0.0,11.1,12.5,53.35,46.65,56.0,44.0,31.63,68.37,50.86,49.14,45.63,54.37,45.71,54.29,65.98,34.02,55.86,44.14,66.78,33.22,48.68,51.32,51.85,48.15,37.27,62.73,62.22,37.78,47.69,52.31,53.64,46.36,29.24,70.76,39.8,60.2,35.77,64.23,1.1,1.3,14,13,5,3,7820f9e6
53.6,46.4,15,12,2,5,8,2,451,353,79.8,80.5,10,4,15,4,5,3,16,9,1.2,1.0,5,2,3,13,9,17,3,1,0,0,79.8,80.5,79.5,80.8,20.0,25.0,26.7,50.0,1,0,15,12,0,0,1.0,1.2,1,3,1,1,3,2,3,4,5,3,87.5,87.5,87.0,87.4,20.0,66.7,66.7,37.5,43.72,56.28,22.52,77.48,31.98,68.02,47.32,52.68,36.76,63.24,53.98,46.02,29.99,70.01,68.38,31.62,53.43,46.57,67.77,32.23,42.52,57.48,34.0,66.0,76.42,23.58,57.71,42.29,53.31,46.69,82.99,17.01,66.47,33.53,49.59,50.41,2.2,0.7,15,11,3,2,6f413ea0
55.7,44.3,13,14,2,7,3,1,495,342,87.7,80.7,6,1,7,5,0,1,11,11,1.1,3.1,4,2,1,13,19,10,5,4,0,0,87.7,80.7,87.3,81.9,28.6,0.0,14.3,60.0,3,0,13,14,0,0,3.1,1.1,0,0,0,3,2,7,7,3,3,1,87.7,80.7,87.3,81.9,28.6,0.0,14.3,60.0,30.06,69.94,53.72,46.28,32.68,67.32,77.19,22.81,28.46,71.54,56.11,43.89,11.22,88.78,63.96,36.04,45.08,54.92,61.03,38.97,68.36,31.64,86.77,13.23,79.43,20.57,67.72,32.28,72.79,27.21,48.11,51.89,72.1,27.9,48.17,51.83,1.1,3.1,13,14,2,7,9e23b255
41.4,58.6,14,7,4,2,4,1,387,583,85.3,89.0,1,4,3,7,4,0,9,8,1.3,0.3,2,3,7,8,14,8,3,2,0,0,85.3,89.0,86.2,89.2,0.0,0.0,0.0,14.3,0,1,14,7,0,0,0.3,1.3,1,1,1,0,4,2,6,4,4,1,85.3,89.0,86.2,89.2,0.0,0.0,0.0,14.3,85.2,14.8,44.46,55.54,53.01,46.99,55.07,44.93,12.9,87.1,77.51,22.49,61.86,38.14,29.15,70.85,21.19,78.81,38.23,61.77,29.28,70.72,14.02,85.98,24.28,75.72,21.46,78.54,52.54,47.46,44.58,55.42,41.18,58.82,37.12,62.88,1.3,0.3,14,7,4,2,af9c628e
50.3,49.7,14,7,2,3,5,0,437,473,76.4,79.7,9,2,7,1,1,1,11,14,1.0,0.3,2,2,3,12,12,13,2,3,0,0,76.4,79.7,76.0,80.0,20.0,50.0,14.3,0.0,1,0,14,7,0,0,0.3,1.0,0,0,0,1,2,3,6,4,5,0,76.4,79.7,76.0,80.0,20.0,50.0,14.3,0.0,63.0,37.0,44.57,55.43,37.29,62.71,49.63,50.37,35.28,64.72,28.36,71.64,54.11,45.89,41.56,58.44,57.57,42.43,57.12,42.88,62.35,37.65,54.22,45.78,41.73,58.27,57.62,42.38,62.52,37.48,39.21,60.79,34.56,65.44,48.23,51.77,1.0,0.3,14,7,2,3,dbce05ec
40.7,59.3,11,19,4,6,2,6,401,544,76.1,79.0,5,10,3,10,0,3,21,18,3.4,3.8,5,2,12,8,13,17,1,3,0,0,76.1,79.0,76.5,78.9,50.0,37.5,33.3,40.0,2,2,11,19,0,0,3.8,3.4,0,0,2,2,4,6,3,5,2,6,76.1,79.0,76.5,78.9,50.0,37.5,33.3,40.0,43.74,56.26,44.5,55.5,37.04,62.96,41.87,58.13,38.54,61.46,64.6,35.4,21.33,78.67,39.94,60.06,42.8,57.2,47.12,52.88,16.26,83.74,60.65,39.35,43.62,56.38,59.25,40.75,37.41,62.59,36.84,63.16,32.21,67.79,17.83,82.17,3.4,3.8,11,19,4,6,cc56f196
55.1,44.9,14,11,3,3,2,2,513,443,82.1,82.2,3,8,11,4,1,1,31,26,2.2,1.4,2,1,10,12,6,9,2,2,0,0,82.1,82.2,82.0,83.0,33.3,0.0,36.4,0.0,1,2,14,11,0,0,1.4,2.2,1,1,2,1,3,3,5,5,2,2,82.1,82.2,82.0,83.0,33.3,0.0,36.4,0.0,4.81,95.19,56.83,43.17,37.97,62.03,59.96,40.04,53.93,46.07,55.8,44.2,65.85,34.15,61.56,38.44,88.07,11.93,64.25,35.75,85.45,14.55,80.16,19.84,64.99,35.01,41.46,58.54,44.19,55.81,51.28,48.72,64.28,35.72,59.34,40.66,2.2,1.4,14,11,3,3,fcbe82d9
52.3,47.7,8,13,1,5,3,3,456,341,75.9,70.7,11,5,11,7,6,4,14,12,1.3,1.6,2,1,5,10,8,16,1,1,0,0,75.9,70.7,75.2,71.3,20.0,60.0,0.0,14.3,3,0,8,13,0,0,1.6,1.3,2,0,0,3,1,5,4,2,3,3,75.9,70.7,75.2,71.3,20.0,60.0,0.0,14.3,58.53,41.47,67.62,32.38,42.54,57.46,67.99,32.01,31.36,68.64,38.46,61.54,55.91,44.09,57.99,42.01,50.32,49.68,43.14,56.86,39.52,60.48,60.21,39.79,52.17,47.83,60.81,39.19,47.36,52.64,36.79,63.21,49.64,50.36,70.82,29.18,1.3,1.6,8,13,1,5,40efc939
57.7,42.3,16,10,4,5,5,3,701,429,89.6,84.8,4,2,16,0,1,3,17,9,1.9,1.3,2,2,3,13,12,4,2,3,0,0,89.6,84.8,89.6,85.3,100.0,0.0,12.5,0.0,3,2,16,10,0,0,1.3,1.9,1,2,2,3,4,5,6,2,5,3,89.6,84.8,89.6,85.3,100.0,0.0,12.5,0.0,63.54,36.46,58.38,41.62,62.7,37.3,57.25,42.75,62.45,37.55,37.78,62.22,45.53,54.47,54.25,45.75,78.3,21.7,47.31,52.69,50.06,49.94,44.96,55.04,73.14,26.86,61.14,38.86,64.82,35.18,31.73,68.27,77.14,22.86,74.21,25.79,1.9,1.3,16,10,4,5,5e66403b
48.9,51.1,23,5,7,3,7,0,436,448,82.3,79.9,7,1,2,3,2,1,20,12,2.6,0.5,2,4,4,13,15,11,1,0,0,0,82.3,79.9,81.5,81.0,50.0,0.0,100.0,33.3,1,3,23,5,0,0,0.5,2.6,0,0,3,1,7,3,5,2,7,0,82.3,79.9,81.5,81.0,50.0,0.0,100.0,33.3,69.06,30.94,56.99,43.01,30.5,69.5,29.21,70.79,41.71,58.29,69.33,30.67,70.34,29.66,62.09,37.91,29.92,70.08,41.03,58.97,50.9,49.1,54.77,45.23,77.65,22.35,55.89,44.11,45.67,54.33,24.53,75.47,35.61,64.39,30.57,69.43,2.6,0.5,23,5,7,3,e93f5eae
49.8,50.2,20,16,6,9,6,5,382,427,87.4,86.4,10,6,17,8,0,3,17,16,1.4,2.5,6,3,6,11,12,9,2,4,1,0,87.4,86.4,87.6,86.6,50.0,60.0,11.8,37.5,2,3,20,16,0,0,2.5,1.4,1,3,3,2,6,9,5,2,6,5,87.4,86.4,87.6,86.6,50.0,60.0,11.8,37.5,50.69,49.31,63.98,36.02,53.76,46.24,32.43,67.57,57.01,42.99,25.39,74.61,33.16,66.84,28.03,71.97,15.9,84.1,61.51,38.49,33.96,66.04,74.89,25.11,73.62,26.38,33.14,66.86,53.59,46.41,49.88,50.12,57.4,42.6,73.65,26.35,1.4,2.5,20,16,6,9,96e3a5e5
46.7,53.3,17,19,5,4,7,8,412,530,86.7,87.9,5,9,9,12,2,4,11,15,1.4,1.2,4,3,14,3,12,9,0,0,0,0,86.7,87.9,87.4,87.8,0.0,33.3,44.4,25.0,0,2,17,19,0,0,1.2,1.4,3,0,2,0,5,4,1,7,7,8,86.7,87.9,87.4,87.8,0.0,33.3,44.4,25.0,39.95,60.05,59.22,40.78,67.85,32.15,59.59,40.41,36.63,63.37,44.34,55.66,49.81,50.19,50.97,49.03,32.3,67.7,23.75,76.25,59.37,40.63,43.53,56.47,33.34,66.66,25.53,74.47,49.58,50.42,64.71,35.29,48.99,51.01,57.38,42.62,1.3,1.2,17,19,5,4,0f51ac81
35.8,64.2,12,18,2,6,7,4,317,750,85.2,92.4,4,8,4,5,1,5,10,4,0.9,1.5,4,2,7,4,6,14,1,3,2,0,85.2,92.4,84.6,92.5,40.0,33.3,50.0,20.0,2,0,12,18,0,0,1.5,0.9,0,0,0,2,2,6,2,7,7,4,85.2,92.4,84.6,92.5,40.0,33.3,50.0,20.0,23.84,76.16,28.85,71.15,45.97,54.03,18.71,81.29,34.7,65.3,76.49,23.51,56.68,43.32,30.56,69.44,28.68,71.32,23.46,76.54,31.54,68.46,65.09,34.91,15.56,84.44,59.72,40.28,25.27,74.73,9.27,90.73,34.43,65.57,33.95,66.05,0.9,1.5,12,18,2,6,12769fea
40.2,59.8,12,8,8,2,2,3,404,579,80.9,89.8,4,4,2,6,5,1,4,14,2.0,1.2,1,5,13,5,14,25,2,2,0,0,80.9,89.8,81.2,89.7,0.0,25.0,0.0,16.7,1,3,12,8,0,0,1.2,2.0,1,2,3,1,8,2,2,2,2,3,80.9,89.8,81.2,89.7,0.0,25.0,0.0,16.7,70.03,29.97,18.04,81.96,32.66,67.34,48.49,51.51,17.78,82.22,21.86,78.14,35.27,64.73,47.13,52.87,78.73,21.27,44.55,55.45,40.89,59.11,43.07,56.93,40.83,59.17,56.45,43.55,19.31,80.69,43.99,56.01,45.52,54.48,24.33,75.67,2.0,1.2,12,8,8,2,43fdfc48
55.9,44.1,11,15,6,5,2,7,532,494,91.7,86.6,2,5,5,6,0,1,10,15,1.8,2.0,4,2,5,10,10,6,0,2,0,1,91.7,86.6,91.7,86.5,33.3,60.0,20.0,16.7,1,4,11,15,0,0,2.0,1.8,1,0,4,1,6,5,3,2,2,7,91.7,86.6,91.7,86.5,33.3,60.0,20.0,16.7,44.66,55.34,83.88,16.12,30.47,69.53,28.99,71.01,56.17,43.83,47.21,52.79,47.54,52.46,31.95,68.05,31.96,68.04,68.59,31.41,52.97,47.03,73.19,26.81,39.76,60.24,82.69,17.31,83.37,16.63,66.05,33.95,42.6,57.4,71.24,28.76,1.8,2.0,11,15,6,5,72cf9f3c
47.1,52.9,17,12,6,4,4,4,392,475,78.8,79.4,5,12,3,6,1,2,25,26,2.1,1.0,4,5,9,7,9,6,2,0,0,0,78.8,79.4,79.8,79.1,20.0,16.7,0.0,33.3,0,1,17,12,0,0,1.0,2.1,0,0,1,0,6,4,4,4,4,4,78.8,79.4,79.8,79.1,20.0,16.7,0.0,33.3,59.82,40.18,35.96,64.04,60.71,39.29,40.42,59.58,38.75,61.25,29.27,70.73,57.36,42.64,46.75,53.25,58.22,41.78,38.16,61.84,66.23,33.77,67.93,32.07,72.56,27.44,25.87,74.13,60.65,39.35,35.88,64.12,48.43,51.57,38.43,61.57,2.2,1.0,17,12,6,4,069d96c2
38.9,61.1,16,20,6,5,4,9,312,575,76.9,88.2,4,10,2,8,0,2,13,17,2.8,1.5,4,4,18,4,12,15,1,1,0,0,76.9,88.2,76.1,88.1,50,30,50,12.5,1,2,16,20,0,0,1.5,2.8,2,0,2,1,6,5,3,3,4,9,76.9,88.2,76.1,88.1,50,30,50,12.5,54.71,45.29,53.27,46.73,40.27,59.73,48.51,51.49,38.47,61.53,46.6,53.4,38.97,61.03,28.95,71.05,24.03,75.97,41.59,58.41,36.11,63.89,28.88,71.12,47.63,52.37,29.01,70.99,28.53,71.47,27.38,72.62,40.84,59.16,34.61,65.39,2.8,1.5,16,20,6,5,e314090d
