match_id,date,home_team,away_team,home_score,away_score
919a513b,2025-05-04,NYC,CIN,1.0,0.0
4cb316bb,2025-05-10,NSH,CLT,2.0,1.0
54fc52e2,2024-07-17,NSH,ORL,0.0,3.0
0fcc6367,2024-09-14,HOU,RSL,4.0,1.0
56fecf55,2024-10-02,NYC,CIN,3.0,2.0
a6c2ed70,2024-06-02,ATL,CLT,2.0,3.0
c4289199,2024-06-19,CIN,PHI,4.0,3.0
c2bbb0c0,2025-03-15,CLT,CIN,2.0,0.0
f97c63b6,2025-03-08,SEA,LAFC,5.0,2.0
e58ff098,2025-04-19,CLB,MIA,0.0,1.0
673c8f57,2025-05-17,CLT,CHI,1.0,4.0
02d060be,2024-09-18,NSH,CHI,1.0,0.0
2c9aa1cc,2025-04-06,MIA,TOR,1.0,1.0
1de8aae5,2024-09-28,VAN,POR,1.0,1.0
d5654da1,2024-04-06,CLB,DC,1.0,1.0
3ae632eb,2024-06-19,MTL,RBNY,2.0,2.0
f6035d8e,2025-09-20,MIN,CHI,0.0,3.0
a0c85e86,2025-05-31,STL,SJ,2.0,1.0
2b7ce61f,2024-07-17,RBNY,MTL,2.0,2.0
564a5304,2024-09-14,LA,LAFC,4.0,2.0
236c324c,2025-05-17,MIN,STL,3.0,0.0
5d98b079,2024-09-14,DC,NYC,1.0,1.0
08ea7ea6,2025-07-12,TOR,ATL,1.0,1.0
04209bb5,2025-03-01,SD,STL,0.0,0.0
455ea1d0,2025-03-29,DC,CLB,1.0,2.0
899a07a2,2024-09-18,RSL,DAL,3.0,2.0
04545f4a,2024-03-02,MIN,CLB,1.0,1.0
96758e0a,2024-08-31,ATX,VAN,0.0,1.0
647538f0,2024-06-01,PHI,MTL,2.0,2.0
ddaa4e60,2025-09-06,STL,DAL,1.0,1.0
e7ce5055,2025-07-12,ORL,MTL,1.0,1.0
7788717c,2024-06-08,MIN,DAL,1.0,1.0
1b8be490,2025-04-19,ATX,LA,1.0,0.0
0c094d42,2025-04-13,CHI,MIA,0.0,0.0
2a36e0dd,2025-08-23,CIN,NYC,0.0,1.0
52fc35ba,2024-09-21,NSH,CIN,2.0,2.0
874f429e,2025-05-18,MIA,ORL,0.0,3.0
ac8bd5f0,2025-07-16,RBNY,NE,5.0,3.0
848a1e5c,2025-05-28,TOR,PHI,1.0,2.0
40a8ac5e,2025-09-13,SJ,LAFC,2.0,4.0
d3bd1a35,2024-05-18,MIA,DC,1.0,0.0
2adc4f3b,2024-04-06,NYC,ATL,1.0,1.0
9b2e7182,2024-09-21,DAL,LAFC,3.0,1.0
937d1f95,2024-09-28,DC,CLB,2.0,2.0
da055f88,2025-05-17,DAL,HOU,0.0,2.0
235c60ee,2025-05-03,MTL,PHI,1.0,2.0
03d60923,2024-09-18,TOR,CLB,0.0,2.0
cec3094d,2024-05-15,COL,VAN,1.0,0.0
37468d4e,2025-05-03,ATX,MIN,0.0,3.0
22547f2d,2025-03-08,RSL,SD,1.0,3.0
ab9d3d48,2024-09-28,PHI,ATL,1.0,1.0
7a317e25,2025-03-15,TOR,CHI,1.0,2.0
279aa8d2,2024-08-31,SJ,MIN,1.0,2.0
94d1965f,2024-03-16,CLB,RBNY,3.0,0.0
0b61a3ed,2025-02-22,MIA,NYC,2.0,2.0
7f681ff1,2025-05-24,SKC,NE,3.0,3.0
b5a5f979,2025-10-04,MIN,SKC,3.0,0.0
88c62bac,2025-04-05,CIN,NE,1.0,0.0
d0aa0fb0,2024-05-04,RSL,SKC,1.0,0.0
de443826,2025-09-13,CIN,NSH,2.0,1.0
2c7e9d25,2024-07-17,SEA,STL,2.0,0.0
763ad58d,2024-03-30,TOR,SKC,1.0,3.0
f8856a8b,2025-09-13,DC,ORL,1.0,1.0
31e64f91,2025-05-14,HOU,MIN,2.0,0.0
a266c85b,2024-06-29,DAL,CIN,0.0,1.0
f6cac1b1,2024-10-02,LAFC,STL,1.0,0.0
55b0fe90,2025-07-19,NSH,TOR,1.0,0.0
e709d622,2024-10-19,MIA,NE,6.0,2.0
1d1f4dcc,2024-07-20,SKC,STL,1.0,1.0
d5fb4a23,2025-08-30,ATX,SJ,3.0,1.0
724753a1,2025-06-25,CHI,PHI,0.0,1.0
dedecc13,2025-07-19,ATL,CLT,2.0,3.0
b5929d59,2025-05-14,NSH,RBNY,2.0,1.0
c392c4f9,2024-07-03,NYC,MTL,2.0,0.0
cca120bc,2024-09-14,CHI,RBNY,2.0,1.0
0a6cd237,2024-06-08,STL,POR,0.0,0.0
a56add17,2025-05-10,TOR,DC,2.0,0.0
05bb7d24,2025-07-19,DAL,STL,3.0,0.0
943e7963,2025-08-23,MTL,ATX,3.0,2.0
29b5776b,2025-07-16,MIN,LAFC,0.0,1.0
418fc14a,2024-06-29,SKC,ATX,2.0,0.0
b52e5d02,2024-09-07,HOU,LAFC,0.0,0.0
04a4ef01,2025-10-18,LA,MIN,2.0,1.0
46c35996,2025-07-26,VAN,SKC,3.0,0.0
f2a39a0d,2025-02-23,LA,SD,0.0,2.0
a42d286b,2024-09-18,ORL,CLT,2.0,0.0
3d509302,2025-07-19,POR,MIN,1.0,1.0
443f75cd,2024-07-20,LA,POR,3.0,2.0
f69ff171,2025-09-28,CIN,ORL,1.0,1.0
f44e7815,2025-10-18,ATL,DC,1.0,1.0
5cd86fea,2024-10-05,LA,ATX,2.0,1.0
03e67a89,2025-03-02,HOU,MIA,1.0,4.0
5a3f9c8d,2025-06-29,LAFC,VAN,0.0,1.0
a4a542c6,2024-07-20,ATL,CLB,2.0,1.0
61077aac,2025-05-31,DAL,PHI,0.0,0.0
926e004b,2024-05-11,CLB,CIN,1.0,2.0
7c89676f,2025-03-22,CLT,SJ,4.0,1.0
cc6df725,2025-09-27,RBNY,NYC,2.0,3.0
b923bacd,2025-03-15,DAL,VAN,0.0,1.0
a017f1c3,2024-06-29,NE,CLB,1.0,5.0
e2c09716,2024-08-24,SKC,ORL,3.0,0.0
4c49cfd5,2024-04-06,SEA,MTL,5.0,0.0
71d86e5c,2025-08-10,CIN,CLT,0.0,1.0
696cb4bd,2025-07-26,STL,MIN,1.0,2.0
6fdeb1ac,2025-04-19,STL,VAN,0.0,0.0
642975d2,2024-09-21,SJ,STL,1.0,2.0
f0ac336b,2025-09-27,NSH,HOU,3.0,1.0
83862076,2024-05-25,ORL,CLB,0.0,2.0
4b25b9e0,2024-07-03,NE,ATL,2.0,1.0
6aa3dc9b,2024-06-22,RSL,LA,0.0,1.0
0e84114f,2025-08-23,CLB,NE,1.0,2.0
30673ef7,2025-05-17,CLB,CIN,1.0,1.0
1fe8b757,2025-03-09,MIA,CLT,1.0,0.0
6d71a18f,2025-04-26,ORL,ATL,3.0,0.0
2fa48a3b,2025-08-30,STL,HOU,2.0,3.0
bda98dac,2024-03-30,NSH,CLB,2.0,2.0
b332919e,2025-06-28,MTL,NYC,1.0,0.0
2ca5d138,2024-04-27,LAFC,POR,3.0,2.0
9475d1a5,2025-08-24,ATL,TOR,0.0,0.0
848de7b4,2024-04-06,MIA,COL,2.0,2.0
895956c7,2024-10-05,VAN,MIN,0.0,1.0
d0b1a78d,2024-05-18,TOR,MTL,5.0,1.0
3e038917,2025-07-04,LA,VAN,3.0,0.0
11738915,2025-05-28,ATX,RSL,1.0,1.0
ca93f156,2025-09-27,STL,LAFC,0.0,3.0
d0c3ad27,2025-05-10,CHI,ATL,2.0,1.0
5b90b72d,2025-09-27,SEA,VAN,2.0,2.0
a8cf8f56,2025-07-26,MIA,CIN,0.0,0.0
2b64725c,2025-06-14,NE,CIN,0.0,1.0
0a5fe62f,2025-06-25,SKC,CLT,2.0,1.0
b36d6527,2025-03-22,COL,POR,0.0,3.0
d7d963cf,2025-07-26,ATL,SEA,2.0,2.0
69ca8a3c,2024-07-17,DAL,ATX,3.0,1.0
8b9f3fbe,2024-05-29,LAFC,MIN,2.0,0.0
5b52d073,2025-07-05,NSH,PHI,1.0,0.0
1ee5291b,2025-02-22,LAFC,MIN,1.0,0.0
1e3a43c8,2024-10-05,SKC,LAFC,0.0,3.0
b4059040,2024-05-18,ATX,SKC,3.0,2.0
bfeb3fe4,2024-06-29,NSH,MIA,1.0,2.0
18e146f4,2024-05-11,SKC,HOU,1.0,2.0
55850363,2024-06-29,POR,MIN,3.0,2.0
8242bd88,2024-05-11,LAFC,VAN,3.0,0.0
1ea7554b,2024-03-30,COL,LAFC,3.0,2.0
195e93d4,2024-06-19,ATX,LAFC,1.0,1.0
df0bbc3b,2024-07-17,MIN,DC,2.0,3.0
954001c9,2024-06-15,ATL,HOU,2.0,2.0
56921911,2024-06-01,CHI,LA,2.0,1.0
fdc828b2,2024-04-20,SEA,VAN,0.0,2.0
fed322c3,2024-06-29,RBNY,DC,2.0,2.0
deeddd8a,2025-02-22,SEA,CLT,2.0,2.0
a3ae35b8,2024-09-22,PHI,DC,4.0,0.0
c192338c,2025-10-05,VAN,SJ,4.0,1.0
f6fe6083,2025-09-27,DC,PHI,0.0,6.0
f1634f67,2025-02-23,POR,VAN,1.0,4.0
9534473b,2024-08-31,ORL,NSH,3.0,0.0
28348af2,2025-04-27,LAFC,STL,2.0,2.0
a4ab8000,2024-06-19,DC,ATL,0.0,1.0
ee801f5d,2025-05-28,RBNY,CLT,4.0,2.0
3f7e12ec,2024-09-07,NE,STL,2.0,2.0
ce81ad8c,2025-08-09,CHI,LAFC,2.0,2.0
9b00fe16,2025-06-14,SKC,DAL,2.0,4.0
42266834,2025-10-04,SEA,POR,1.0,0.0
2c690f7c,2024-08-31,CHI,MIA,1.0,4.0
59ba41a8,2025-07-12,MIN,SJ,4.0,1.0
45effc40,2025-04-12,NSH,RSL,2.0,1.0
63e45623,2024-07-17,LA,COL,3.0,2.0
d0d7e7f4,2024-05-25,NE,NYC,0.0,1.0
f80e5169,2024-05-04,CHI,NE,0.0,1.0
a50e185c,2025-03-15,SKC,MIN,3.0,3.0
73d3780e,2025-08-23,DAL,LAFC,1.0,1.0
df5d2e93,2025-04-26,CLB,SJ,2.0,1.0
f55a0260,2024-09-28,MIA,CLT,1.0,1.0
cda15a43,2025-07-12,RSL,HOU,1.0,0.0
6af9a4cd,2025-08-09,SJ,VAN,2.0,1.0
888f0c2d,2024-08-24,MIA,CIN,2.0,0.0
21975d42,2025-05-24,SD,LA,2.0,1.0
2bc3003c,2025-05-17,POR,SEA,1.0,1.0
163fe9ae,2025-04-27,MIN,VAN,1.0,3.0
96743462,2024-06-14,NYC,CLB,2.0,3.0
5bf8fde9,2024-06-01,RSL,ATX,5.0,1.0
8b2771ab,2024-02-24,DC,NE,3.0,1.0
914361ab,2024-03-10,CIN,DC,0.0,0.0
d22b786c,2025-07-26,RSL,SJ,2.0,1.0
f84f67b9,2025-05-28,CLB,NSH,2.0,2.0
1e5d3854,2024-05-18,CLT,LA,0.0,0.0
6e806e53,2024-07-03,DC,CIN,2.0,3.0
1bddfee7,2024-05-15,DC,RBNY,1.0,4.0
d05df50e,2025-05-14,SJ,MIA,3.0,3.0
c78093ab,2025-04-13,SKC,POR,2.0,4.0
92e143d7,2024-04-27,CHI,ATL,0.0,0.0
4ab4b10e,2024-03-23,SKC,LA,2.0,3.0
a1a2f654,2025-09-21,LAFC,RSL,4.0,1.0
fa4c3cab,2024-03-09,TOR,CLT,1.0,0.0
57c78453,2025-09-20,CLB,TOR,1.0,1.0
7679abc7,2025-05-10,RBNY,LA,7.0,0.0
c229f28e,2024-07-20,PHI,NSH,3.0,0.0
5b389f2c,2025-05-31,MIA,CLB,5.0,1.0
abd94800,2025-05-03,VAN,RSL,2.0,1.0
fc325223,2024-09-18,NE,MTL,2.0,2.0
7ca95cb9,2025-05-28,CIN,DAL,3.0,3.0
5b56020b,2025-09-24,VAN,POR,1.0,1.0
bda88619,2025-06-07,DC,CHI,1.0,7.0
71cee274,2024-07-06,ORL,DC,5.0,0.0
c4211593,2025-05-28,MIA,MTL,4.0,2.0
5e701fe8,2024-04-20,MTL,ORL,2.0,2.0
f7fec970,2025-03-08,ATL,RBNY,0.0,0.0
3d50abcb,2025-08-10,MIN,COL,1.0,2.0
78eed414,2025-02-22,CLB,CHI,4.0,2.0
a55e71c8,2024-09-18,MIN,CIN,1.0,2.0
9d2e23ad,2024-04-13,NYC,NE,2.0,0.0
bc8f5ed6,2024-10-19,PHI,CIN,1.0,2.0
27801b05,2024-03-09,ATL,NE,4.0,1.0
e1944b6f,2024-03-17,ATL,ORL,2.0,0.0
2faa3b2f,2024-10-19,MTL,NYC,2.0,0.0
0a907f05,2024-10-02,RSL,MIN,0.0,0.0
838f52f0,2025-10-11,ORL,VAN,1.0,2.0
78e250a2,2025-09-17,NYC,CLB,3.0,2.0
bbac05f0,2025-08-10,ORL,MIA,4.0,1.0
aa35dce0,2024-10-05,NE,DC,1.0,2.0
2646c334,2024-04-27,NYC,CLT,2.0,1.0
eb6d592e,2024-07-20,MTL,TOR,0.0,1.0
d1d2c8cf,2024-04-20,LAFC,RBNY,2.0,2.0
dc6f3119,2025-03-01,COL,DAL,3.0,3.0
b7460e1e,2024-07-13,COL,RBNY,1.0,1.0
e7e06a50,2024-06-28,NYC,ORL,4.0,2.0
4cd9a64f,2025-05-17,SD,SKC,0.0,0.0
b92cadae,2024-06-19,TOR,NSH,1.0,2.0
33578ef5,2025-05-17,ATL,PHI,0.0,1.0
9bda4f9f,2024-08-28,PHI,CLB,0.0,1.0
85aa23af,2024-06-22,CIN,NE,1.0,2.0
82b83643,2025-09-24,NYC,MIA,0.0,4.0
03583986,2025-08-16,TOR,CLB,1.0,1.0
805c76e0,2025-05-10,COL,SJ,0.0,2.0
bd7e398e,2024-10-02,NSH,DC,3.0,4.0
f7b15152,2024-03-23,LAFC,NSH,5.0,0.0
596040b0,2025-03-08,DC,SKC,2.0,1.0
01f0a822,2024-10-19,RBNY,CLB,2.0,3.0
467924d3,2025-06-28,ORL,CIN,1.0,2.0
9677543d,2025-04-12,ORL,RBNY,0.0,0.0
2b07d9b3,2025-05-28,SEA,SD,1.0,0.0
ce46d9b8,2024-04-07,SKC,POR,3.0,3.0
b1278edf,2025-05-03,SEA,STL,4.0,1.0
be25d1e1,2024-04-13,RBNY,CHI,0.0,0.0
188bc3a2,2024-03-23,ORL,ATX,2.0,0.0
30dae517,2025-10-18,SKC,HOU,0.0,0.0
2014e18a,2025-10-11,SEA,RSL,1.0,0.0
44981299,2025-03-22,RBNY,TOR,2.0,1.0
904f6aab,2024-03-16,MIN,LAFC,2.0,0.0
759d516f,2024-05-04,CLT,POR,2.0,0.0
430bb8b3,2025-03-15,SJ,COL,1.0,2.0
f4dbb8e0,2025-07-16,ATL,CHI,2.0,2.0
f55640f2,2024-04-27,DAL,HOU,2.0,0.0
f59bbf74,2025-07-25,SD,NSH,1.0,0.0
c2ea4e23,2025-06-28,DAL,SD,2.0,3.0
0ee1457e,2025-05-17,NSH,DC,0.0,0.0
30e43784,2024-05-25,ATL,LAFC,0.0,1.0
681cb49c,2024-10-02,CLB,MIA,2.0,3.0
79a37647,2025-04-19,MTL,ORL,0.0,0.0
aae8d577,2024-10-05,STL,HOU,3.0,0.0
608bb963,2025-05-14,LAFC,SEA,4.0,0.0
5f282b72,2025-03-29,TOR,VAN,0.0,0.0
c7355e02,2024-05-05,SEA,LA,0.0,0.0
26a0afc1,2024-09-14,VAN,SJ,2.0,0.0
de35808a,2025-07-12,LA,DC,2.0,1.0
60e7b807,2024-04-13,MIN,HOU,1.0,2.0
1ad8d8d0,2024-06-15,LA,SKC,4.0,2.0
0b128e67,2024-09-28,MTL,SJ,3.0,0.0
41c9062c,2025-04-05,CLT,NSH,2.0,1.0
5ff92cb0,2025-02-22,STL,COL,0.0,0.0
623cd498,2025-04-27,LA,POR,2.0,4.0
127bcb17,2024-06-19,LA,NYC,2.0,0.0
20a768e0,2025-08-09,ATX,HOU,2.0,2.0
37831548,2025-05-24,DC,RBNY,0.0,2.0
6741e8e9,2025-03-08,NYC,ORL,2.0,1.0
178999ed,2025-07-03,NYC,TOR,3.0,1.0
05fb13b6,2025-07-16,LA,ATX,1.0,2.0
3fdb29e0,2024-02-24,CLT,NYC,1.0,0.0
ac91a845,2025-08-16,CLT,RSL,1.0,0.0
874ec00b,2025-05-10,HOU,SEA,1.0,3.0
de892e47,2025-09-27,COL,MIN,1.0,1.0
0ce6efd6,2025-05-24,SEA,DAL,1.0,0.0
bdd0ee23,2025-08-23,RSL,MIN,1.0,3.0
41dcb934,2025-07-16,SJ,DAL,2.0,2.0
17031db1,2025-08-16,MIA,LA,3.0,1.0
08c3c22f,2025-06-28,RBNY,MIN,2.0,2.0
27064cc6,2024-06-22,POR,VAN,2.0,0.0
de17d61c,2024-04-20,NYC,DC,2.0,0.0
462b94da,2025-07-16,CLT,DC,2.0,1.0
b27f4ea9,2024-10-05,COL,SEA,0.0,1.0
8dd08bf6,2025-10-18,NSH,MIA,2.0,5.0
6c60c1b4,2024-09-07,CHI,DC,1.0,2.0
cc9047a8,2024-07-06,CLB,TOR,4.0,0.0
a54ecbb4,2024-04-06,VAN,TOR,4.0,0.0
6746e4fa,2024-05-15,RSL,SEA,2.0,0.0
c8f11392,2025-05-31,ORL,CHI,1.0,3.0
34d22392,2024-09-28,RBNY,NYC,1.0,5.0
d02e668d,2024-05-04,DC,PHI,2.0,2.0
7a0fd3ff,2025-03-23,ATX,SD,2.0,1.0
75c3500e,2025-03-15,STL,SEA,1.0,0.0
b91327c9,2025-06-25,TOR,RBNY,1.0,1.0
a9368b3e,2025-09-20,NYC,CLT,2.0,0.0
2cea5d6a,2025-06-25,VAN,SD,3.0,5.0
040aa346,2025-03-22,VAN,CHI,1.0,3.0
f5c84126,2025-05-17,ATX,VAN,0.0,0.0
3c29cb63,2024-08-24,RSL,SJ,0.0,2.0
04d97ba0,2025-05-28,LA,SJ,0.0,1.0
525795e8,2025-03-30,POR,HOU,3.0,1.0
2d4332d7,2024-04-13,POR,LAFC,2.0,2.0
6c8d9016,2025-03-16,ATL,MIA,1.0,2.0
1fbdcf6d,2024-02-24,CLB,ATL,1.0,0.0
0b75101c,2025-03-01,RBNY,NSH,2.0,0.0
2b70f3e6,2024-05-15,MTL,CLB,1.0,3.0
267f4a23,2025-06-28,HOU,STL,1.0,0.0
1761d860,2025-04-06,NYC,MIN,1.0,2.0
3f93db7e,2025-09-06,HOU,LA,1.0,1.0
3794403e,2024-06-01,POR,HOU,2.0,2.0
f2387249,2025-09-13,MTL,STL,0.0,2.0
5e99205e,2025-05-03,CLB,CLT,4.0,2.0
ecac9810,2024-03-16,SKC,SJ,2.0,1.0
127b6018,2025-03-01,CLT,ATL,2.0,0.0
79fae39a,2024-04-06,NSH,PHI,1.0,2.0
55418649,2025-10-04,ATX,STL,1.0,3.0
fa72f9e7,2025-05-10,PHI,CLB,2.0,2.0
c22646fd,2024-02-25,CIN,TOR,0.0,0.0
2c7c11cb,2025-03-29,COL,CLT,2.0,0.0
a6cd6846,2025-07-16,PHI,MTL,2.0,1.0
23c0bc5e,2025-05-03,SJ,POR,4.0,1.0
f921d507,2024-06-19,SKC,RSL,3.0,4.0
3f4be104,2024-04-06,STL,DAL,0.0,0.0
a7a21839,2025-03-08,VAN,MTL,2.0,0.0
6907f62a,2025-10-11,LA,DAL,2.0,1.0
d95238e6,2025-07-26,CHI,RBNY,1.0,0.0
a960e19f,2024-04-27,ORL,TOR,1.0,2.0
1cfa7fdb,2024-02-21,MIA,RSL,2.0,0.0
d67ac695,2025-09-06,CHI,NE,3.0,2.0
49bac744,2024-06-01,MIN,SKC,3.0,1.0
b776269c,2025-09-13,DAL,ATX,2.0,0.0
790a5089,2024-04-21,LA,SJ,4.0,3.0
0472fc1f,2024-07-13,SJ,SKC,1.0,2.0
712b9c73,2025-10-04,RBNY,CIN,0.0,1.0
6a6aa9ea,2024-03-17,NE,CIN,1.0,2.0
264033ac,2025-06-25,NE,NSH,2.0,3.0
99097976,2025-08-16,MTL,DC,1.0,1.0
780f34a6,2024-05-25,LA,HOU,2.0,1.0
ffcd9c5d,2024-03-30,ATX,DAL,2.0,1.0
d43b84c2,2025-08-30,RBNY,CLB,0.0,0.0
5e798b74,2024-03-30,DC,MTL,1.0,0.0
099c82b1,2024-03-09,CLB,CHI,2.0,1.0
c2e80fa1,2025-08-30,MIN,POR,1.0,1.0
ab0a97d4,2024-09-14,ATL,NSH,0.0,2.0
c1358145,2025-05-10,MIN,MIA,4.0,1.0
afeca011,2025-10-18,POR,SD,0.0,4.0
eb76b25d,2024-02-24,ATX,MIN,1.0,2.0
98a5598c,2025-08-09,DAL,POR,2.0,0.0
7ee99770,2025-06-08,VAN,SEA,3.0,0.0
9f9b4a74,2025-04-05,RSL,LA,2.0,0.0
260741d2,2025-03-29,NSH,CIN,1.0,2.0
9f82627f,2024-06-15,COL,ATX,2.0,0.0
ca91496e,2025-07-05,CLT,ORL,2.0,2.0
5e99ba1a,2024-03-16,DC,MIA,1.0,3.0
7ec751cc,2025-07-06,SEA,CLB,1.0,1.0
ff30d11e,2024-03-09,RSL,COL,1.0,2.0
2107fdd4,2024-04-27,MIN,SKC,2.0,1.0
57a719d4,2024-06-01,LAFC,DAL,1.0,0.0
db896a98,2024-09-07,RBNY,SKC,1.0,1.0
607f2eb5,2024-03-16,ATX,PHI,2.0,2.0
0873adf6,2024-05-11,RBNY,NE,4.0,2.0
aafd55e9,2025-04-05,VAN,COL,2.0,0.0
bef2815c,2024-06-22,RBNY,TOR,3.0,0.0
2182b7ae,2025-05-14,DC,NYC,0.0,0.0
b908ef80,2024-08-31,TOR,DC,1.0,3.0
bb4c7a4f,2025-05-18,LA,LAFC,2.0,2.0
549df682,2024-09-21,COL,TOR,2.0,0.0
4063aa41,2024-07-17,ATL,NYC,2.0,2.0
aa54ca53,2024-03-30,HOU,SJ,2.0,1.0
31e6a2ae,2025-08-30,NYC,DC,1.0,2.0
72f8497f,2025-03-15,SD,CLB,1.0,1.0
67c5143e,2024-09-28,SEA,HOU,1.0,0.0
09cfd2d4,2024-03-23,STL,DC,2.0,2.0
3c907020,2025-09-13,VAN,PHI,7.0,0.0
25a239c1,2025-04-26,SD,RSL,1.0,3.0
b6adcd54,2025-04-12,COL,SD,3.0,2.0
ca318157,2025-03-08,ATX,COL,0.0,1.0
1a3b1976,2024-10-19,MIN,STL,4.0,1.0
e3f14e44,2024-05-29,LA,DAL,3.0,1.0
45ada650,2024-04-14,STL,ATX,1.0,0.0
39c49815,2025-09-13,CLT,MIA,3.0,0.0
ec3ee1de,2025-03-01,SKC,SJ,1.0,2.0
db2969ed,2025-02-22,ORL,PHI,2.0,4.0
24aa7fe6,2025-05-10,STL,SD,1.0,2.0
804bf0fa,2025-08-23,HOU,SJ,1.0,2.0
125cff51,2024-09-28,ATX,RSL,2.0,2.0
c76ddcd8,2024-07-03,TOR,ORL,1.0,2.0
adfcc3b3,2025-07-09,LAFC,COL,3.0,0.0
c7db07c7,2024-06-01,NSH,NE,1.0,2.0
be5bc0a1,2024-08-31,POR,SEA,1.0,0.0
ebebd1c5,2024-10-05,CLB,PHI,3.0,2.0
827399ef,2024-03-30,MIA,NYC,1.0,1.0
740219d4,2024-03-16,DAL,VAN,1.0,3.0
1e17c7ff,2024-08-31,RBNY,PHI,0.0,2.0
a56f6072,2025-06-12,NYC,ATL,4.0,0.0
b0a00bd6,2024-09-21,RBNY,ATL,2.0,2.0
edfecbf9,2025-05-28,NYC,HOU,0.0,3.0
724f587d,2025-04-26,TOR,NYC,0.0,1.0
12a74505,2024-07-20,RBNY,CIN,3.0,1.0
a301935c,2025-03-22,CIN,ATL,2.0,2.0
7de1a9ff,2025-09-13,COL,HOU,2.0,1.0
8e16b991,2025-07-05,CIN,CHI,2.0,1.0
29408a40,2024-07-17,MIA,TOR,3.0,1.0
0663cca6,2024-04-06,CIN,RBNY,1.0,2.0
98a71c11,2025-10-04,MTL,NSH,1.0,1.0
56d50907,2025-04-19,NE,NYC,2.0,0.0
0c7aa6a7,2024-07-13,LAFC,CLB,1.0,5.0
f09fb069,2025-03-22,SKC,LAFC,0.0,2.0
ab36baaa,2024-05-25,CLT,PHI,0.0,0.0
faf01704,2024-07-13,STL,VAN,1.0,4.0
1bedc73b,2025-05-31,SD,ATX,2.0,0.0
c16caba8,2025-07-19,NE,ORL,1.0,2.0
bef5abdb,2024-06-29,SEA,CHI,2.0,1.0
2009a8ec,2025-03-29,MIA,PHI,2.0,1.0
0b25b4a7,2024-10-05,ATL,RBNY,2.0,1.0
2beb0c3e,2024-08-31,CLT,ATL,0.0,1.0
71c83e72,2024-09-15,SEA,SKC,2.0,0.0
96436299,2024-03-02,SKC,PHI,1.0,1.0
8f623ca5,2024-05-29,MIA,ATL,1.0,3.0
ddc7cbce,2024-05-25,SJ,ATX,1.0,1.0
a1d1b1ec,2024-09-21,LA,VAN,4.0,2.0
8bcaa338,2025-04-12,NYC,PHI,1.0,0.0
152c4228,2025-03-01,RSL,SEA,2.0,0.0
b70b7182,2025-02-22,ATX,SKC,1.0,0.0
843f339f,2024-07-03,CLT,MIA,1.0,2.0
2df5eeec,2025-09-13,NE,TOR,1.0,1.0
c0ef5a9d,2024-06-22,PHI,CLT,0.0,2.0
9dcb2913,2025-06-28,CHI,CLT,3.0,2.0
c89a941c,2024-05-11,PHI,ORL,2.0,3.0
e0d9b763,2025-04-05,PHI,ORL,0.0,0.0
8c60b7d4,2024-02-24,LAFC,SEA,2.0,1.0
6e2f7293,2025-03-22,CLB,NYC,0.0,0.0
d00dd48e,2025-05-31,MTL,NE,0.0,3.0
f75726e4,2024-07-20,MIA,CHI,2.0,1.0
24c9ddb6,2024-02-25,LA,MIA,1.0,1.0
d37290e9,2024-04-13,DAL,SEA,0.0,0.0
0fd33dd7,2024-09-28,DAL,ORL,1.0,3.0
a69fc6ac,2024-07-03,CLB,NSH,2.0,0.0
63e4f615,2025-08-16,NE,LAFC,0.0,2.0
eb92fde2,2025-09-13,RSL,SKC,2.0,1.0
e534d846,2025-07-05,MTL,MIA,1.0,4.0
717a9bb3,2025-04-12,LAFC,SJ,2.0,1.0
fdc39f90,2025-10-04,DAL,LA,2.0,1.0
dd19eb77,2024-05-15,ATX,HOU,1.0,0.0
c4a4b329,2025-04-19,PHI,ATL,3.0,0.0
52ea6bc4,2024-04-20,ATL,CIN,1.0,2.0
07ad30c6,2024-02-24,DAL,SJ,2.0,1.0
39dcefa5,2025-03-29,ATL,NYC,4.0,3.0
07dede17,2024-10-02,POR,ATX,0.0,1.0
88814440,2024-08-24,MTL,NE,0.0,5.0
9886b55a,2024-05-04,NSH,MTL,4.0,1.0
154c022b,2024-04-27,PHI,RSL,1.0,2.0
a4b966fa,2024-09-28,CHI,TOR,1.0,1.0
f3d82920,2024-08-24,DC,DAL,3.0,4.0
5732ec5a,2025-04-12,VAN,ATX,5.0,1.0
c0acb8d6,2024-05-29,SKC,VAN,1.0,2.0
f025de5d,2025-02-22,DC,TOR,2.0,2.0
3042d9a6,2024-06-19,STL,COL,0.0,3.0
5cb81fae,2025-07-26,DC,ATX,2.0,4.0
b69bc094,2024-10-12,CLB,NE,4.0,0.0
aab56f98,2024-10-02,ATL,MTL,1.0,2.0
df534bef,2025-05-03,ATL,NSH,1.0,1.0
ffb5ce29,2024-07-13,MTL,ATL,1.0,0.0
abe3d4c7,2025-09-20,PHI,NE,1.0,0.0
6a3d1729,2024-05-11,DAL,ATX,2.0,1.0
c039aa39,2024-04-20,CHI,RSL,0.0,4.0
d0b22e59,2025-09-27,RSL,ATX,3.0,1.0
90fc333c,2025-02-22,ATL,MTL,3.0,2.0
5f52f4cb,2024-07-03,RSL,HOU,3.0,2.0
fe38f1a9,2025-05-14,PHI,LA,3.0,2.0
59a5f101,2025-09-21,ATX,SEA,2.0,1.0
e4c6cab0,2024-04-13,SJ,COL,0.0,3.0
40fa60e9,2024-07-13,CIN,CLT,1.0,3.0
5b4e34f0,2024-03-31,ATL,CHI,3.0,0.0
4c84665a,2024-09-21,ATX,HOU,0.0,1.0
295bf854,2024-07-07,SKC,DAL,3.0,2.0
0e3ffd0d,2024-03-23,NE,CHI,1.0,1.0
a2095623,2024-04-20,TOR,NE,1.0,0.0
8d3f498e,2024-07-17,SJ,HOU,0.0,1.0
4a9709a7,2024-10-02,TOR,RBNY,1.0,4.0
c32250a0,2025-04-26,CIN,SKC,2.0,1.0
e09460d4,2024-10-05,SJ,RSL,0.0,1.0
2e7bbefe,2024-07-06,PHI,RBNY,0.0,0.0
1ac0a157,2024-06-22,CLB,SKC,4.0,0.0
6fa88376,2024-05-11,MTL,MIA,2.0,3.0
85625ac2,2024-03-16,NSH,CLT,2.0,1.0
48154fb1,2024-06-22,STL,ATL,1.0,1.0
43bf9079,2024-07-17,VAN,SKC,2.0,1.0
cb8051f4,2025-05-28,VAN,MIN,0.0,0.0
df8f6b29,2024-10-19,LAFC,SJ,3.0,1.0
828d2806,2024-09-18,ATL,MIA,2.0,2.0
cd216cc6,2025-03-15,HOU,RSL,1.0,2.0
0e9e897f,2025-06-25,STL,ORL,2.0,4.0
dae4e793,2024-02-25,NSH,RBNY,0.0,0.0
af140171,2025-04-05,ATL,DAL,1.0,1.0
6443eb0d,2024-08-24,LA,ATL,2.0,0.0
785d4862,2024-04-20,MIA,NSH,3.0,1.0
84cf347d,2025-07-19,LAFC,LA,3.0,3.0
691523a9,2025-09-20,ORL,NSH,3.0,2.0
e924eb16,2025-09-13,CHI,NYC,1.0,3.0
3f7203c2,2025-03-22,ORL,DC,4.0,1.0
5046eb02,2025-03-22,PHI,STL,1.0,0.0
00cdab1a,2025-06-14,RSL,DC,2.0,0.0
b521f7ad,2025-05-24,PHI,MIA,3.0,3.0
d91ba6d4,2024-09-01,STL,LA,2.0,1.0
b6b4cbf3,2024-07-17,CIN,CHI,0.0,1.0
523f201f,2025-10-04,DC,CLT,0.0,1.0
1c1df635,2024-03-02,SJ,LA,1.0,3.0
36354b15,2025-03-29,CHI,MTL,1.0,1.0
041d40ae,2024-03-03,NE,TOR,0.0,1.0
339df97a,2025-04-19,RSL,TOR,0.0,1.0
16771774,2025-04-12,MTL,CLT,0.0,1.0
809a4f89,2024-07-13,DC,NSH,2.0,1.0
0e499948,2025-07-09,NE,MIA,1.0,2.0
8370e7f0,2025-03-08,NE,PHI,0.0,2.0
76779c49,2024-06-15,TOR,CHI,1.0,4.0
ade289b5,2025-07-12,ATX,NE,0.0,0.0
f5c295ea,2024-05-18,NE,PHI,0.0,3.0
a173ed10,2024-03-09,LAFC,SKC,0.0,0.0
9525fae9,2025-08-23,PHI,CHI,4.0,0.0
04cc8bc9,2024-06-29,HOU,CLT,1.0,0.0
1c428fb3,2024-05-25,VAN,MIA,1.0,2.0
aa848305,2025-02-22,HOU,DAL,1.0,2.0
34ad57bb,2024-10-06,POR,DAL,0.0,0.0
d3b23521,2025-09-17,RSL,LAFC,1.0,4.0
53329be8,2024-07-20,NE,DAL,1.0,1.0
6cd05a1b,2025-10-12,ATX,LAFC,1.0,0.0
6e20ab58,2025-04-05,ATX,POR,0.0,0.0
75f20bce,2025-06-28,TOR,POR,3.0,0.0
452c6285,2024-05-29,ATX,POR,0.0,2.0
36ae8379,2025-06-07,COL,ATX,0.0,2.0
e1d0bba7,2024-04-27,RBNY,VAN,1.0,1.0
0182f52b,2025-07-19,MTL,CHI,0.0,2.0
51b6336e,2024-05-15,PHI,NYC,1.0,2.0
351a81dd,2025-05-11,VAN,LAFC,2.0,2.0
b73ee77f,2025-05-03,SD,DAL,5.0,0.0
b2f37cb2,2024-03-23,COL,HOU,0.0,1.0
22651bee,2024-04-27,NE,MIA,1.0,4.0
4f298de1,2025-10-18,CLT,PHI,2.0,0.0
5e2cc159,2024-09-14,MIA,PHI,3.0,1.0
7e6e61a9,2025-04-12,DAL,SEA,0.0,1.0
90be82f7,2025-03-08,CIN,TOR,2.0,0.0
1486dd0c,2024-06-22,LAFC,SJ,6.0,2.0
8507e631,2024-05-18,CIN,STL,3.0,1.0
47e971b9,2024-05-04,SJ,LAFC,3.0,1.0
aa7bb41b,2025-03-29,DAL,SKC,2.0,1.0
5ff72f39,2025-04-19,RBNY,DC,1.0,2.0
e179a3e0,2025-04-19,CLT,SD,3.0,0.0
5401e766,2024-05-18,SJ,ORL,0.0,1.0
b3e7c4db,2024-07-20,MIN,SJ,2.0,0.0
35751574,2025-05-10,NYC,MTL,0.0,1.0
1205c926,2024-06-15,PHI,MIA,1.0,2.0
95d2c766,2024-07-20,VAN,HOU,3.0,4.0
8f81984e,2025-09-13,POR,RBNY,2.0,1.0
ae0d35fc,2024-05-15,CIN,ATL,1.0,0.0
4ae33f44,2025-08-30,TOR,MTL,1.0,1.0
dcb9028e,2025-04-19,HOU,COL,2.0,2.0
f97cf636,2024-06-08,SKC,SEA,2.0,1.0
c3808050,2024-07-17,CLB,CLT,1.0,1.0
67be00dc,2024-05-29,RBNY,CLT,3.0,1.0
b418293f,2024-10-13,VAN,LAFC,1.0,2.0
38d41461,2024-03-09,NYC,POR,1.0,2.0
fe254b67,2025-06-14,CHI,NSH,0.0,2.0
93e6180a,2025-03-01,LAFC,NYC,1.0,0.0
53bfea2b,2024-03-09,ATX,STL,2.0,2.0
8582be8b,2025-10-18,CIN,MTL,3.0,0.0
22d2f591,2025-05-28,ATL,ORL,3.0,2.0
8e66a54d,2024-02-24,HOU,SKC,1.0,1.0
9f36015e,2025-04-19,CHI,CIN,2.0,3.0
9601c207,2025-08-30,SKC,COL,4.0,2.0
50ae0b6a,2024-04-06,LAFC,LA,2.0,1.0
f076cb87,2024-05-15,STL,LAFC,0.0,2.0
c3e74641,2025-08-10,LA,SEA,0.0,4.0
1a2b72a0,2025-06-14,ATX,RBNY,2.0,1.0
a47a1ea2,2025-05-17,NYC,RBNY,2.0,0.0
f46c8af1,2024-06-15,ORL,LAFC,1.0,3.0
44525699,2024-05-25,DC,CHI,1.0,1.0
00093bf5,2025-08-16,CHI,STL,3.0,2.0
19f7156b,2024-05-04,VAN,ATX,0.0,0.0
e3f25f35,2025-05-31,RBNY,ATL,2.0,0.0
b1e96dee,2025-07-13,STL,POR,2.0,1.0
120dd9a6,2024-06-29,SJ,LA,0.0,3.0
01fe0042,2025-04-19,POR,LAFC,3.0,3.0
52b7a219,2024-09-14,TOR,ATX,2.0,1.0
2e362b0d,2024-07-20,SEA,LAFC,0.0,3.0
49c5cc2e,2025-08-16,RBNY,PHI,1.0,0.0
9157d1d2,2024-02-24,STL,RSL,1.0,1.0
8382cf94,2025-05-24,RSL,VAN,2.0,3.0
fb31d9e0,2024-05-29,CIN,NSH,0.0,2.0
143512e6,2025-10-18,NYC,SEA,1.0,2.0
3d5233ba,2024-04-06,ATX,SJ,4.0,3.0
4a3151dc,2025-05-14,RSL,POR,0.0,0.0
fe084c2b,2025-07-12,CLT,NYC,2.0,0.0
417a9fa5,2025-03-01,POR,ATX,1.0,0.0
6b0c0d97,2024-05-18,NYC,RBNY,2.0,1.0
e97adf1e,2024-06-15,CLT,DC,1.0,0.0
aeefbe17,2025-05-14,ATX,ATL,1.0,1.0
81b75ff2,2025-04-05,RBNY,CHI,2.0,1.0
400a5fb4,2025-07-25,NE,MTL,1.0,3.0
6703c433,2025-04-06,SJ,DC,6.0,1.0
2be4ec4c,2024-03-16,LA,STL,3.0,3.0
42a3da67,2024-06-01,MIA,STL,3.0,3.0
ad2c2871,2025-05-17,MTL,TOR,1.0,6.0
aec863b7,2024-06-22,ORL,CHI,4.0,2.0
f5495d15,2025-06-13,POR,SJ,1.0,1.0
e84028e7,2025-05-24,TOR,NSH,1.0,2.0
7d8463a9,2024-05-31,NYC,SJ,5.0,1.0
f406c0ca,2025-07-25,LAFC,POR,0.0,1.0
2a075b77,2025-03-29,SJ,SEA,1.0,1.0
c4051f30,2025-06-29,CLB,PHI,1.0,0.0
1bcc81e5,2025-10-18,COL,LAFC,2.0,2.0
35df6c8d,2024-10-02,SJ,DAL,3.0,2.0
f787ba0d,2024-02-24,ORL,MTL,0.0,0.0
4cbe3811,2024-02-24,PHI,CHI,2.0,2.0
9182aa68,2024-07-17,LAFC,RSL,1.0,1.0
d60095da,2024-07-07,POR,NSH,4.0,1.0
b4572ff8,2025-09-27,SD,SJ,0.0,1.0
f7cdaddf,2025-03-08,CLB,HOU,0.0,0.0
b63da386,2024-03-23,CIN,NYC,1.0,0.0
266ef3f9,2024-10-19,DC,CLT,0.0,3.0
c4c45322,2024-07-13,TOR,PHI,2.0,1.0
409fd8cc,2024-05-11,TOR,NYC,2.0,3.0
efee12de,2025-03-08,SJ,MIN,0.0,1.0
f1198227,2025-09-20,HOU,POR,1.0,0.0
6d578266,2025-04-05,HOU,LAFC,1.0,0.0
f92b300e,2025-03-30,STL,ATX,0.0,1.0
bedec845,2025-03-08,DAL,CHI,1.0,3.0
02591a0f,2024-09-21,CLT,NE,4.0,0.0
50756e62,2025-03-01,PHI,CIN,4.0,1.0
e39baa69,2025-03-01,MIN,MTL,1.0,0.0
529d381b,2024-06-29,MTL,PHI,4.0,2.0
7cdd5ef0,2024-05-11,STL,CHI,3.0,1.0
f5250d56,2025-08-10,RBNY,RSL,2.0,1.0
bec23bed,2025-09-20,ATL,SD,1.0,1.0
b58463fd,2025-09-30,MIA,CHI,3.0,5.0
a1196442,2025-07-16,CIN,MIA,3.0,0.0
91d845f5,2024-07-07,COL,STL,4.0,1.0
73b5fbd2,2025-04-13,STL,CLB,1.0,2.0
4f9ec18f,2024-04-06,CHI,HOU,2.0,1.0
eeaa6995,2024-02-24,POR,COL,4.0,1.0
4d7f1789,2024-03-02,HOU,RBNY,1.0,2.0
5d13119c,2025-03-01,ORL,TOR,4.0,2.0
3a6427b4,2025-09-27,POR,DAL,2.0,2.0
dde32a26,2024-08-24,CLT,RBNY,1.0,1.0
7d9ffd64,2024-09-21,NYC,MIA,1.0,1.0
0548c4b1,2024-05-18,HOU,DAL,1.0,1.0
31ae64f4,2025-05-25,NYC,CHI,3.0,1.0
c18294ea,2025-05-24,MTL,LAFC,2.0,2.0
9217cfb3,2025-10-04,HOU,SD,2.0,4.0
da7fd286,2024-05-04,ORL,CIN,0.0,1.0
215813d3,2025-05-24,CLT,CLB,3.0,2.0
beb4d693,2025-05-24,COL,STL,1.0,0.0
092b8775,2025-08-30,NE,CLT,1.0,2.0
59e9c779,2024-10-02,CLT,CHI,4.0,3.0
3b33f617,2025-05-10,CIN,ATX,2.0,1.0
310d2e2e,2025-09-27,CHI,CLB,2.0,0.0
fae0927c,2024-08-31,DAL,COL,2.0,3.0
8bad94c6,2025-10-04,PHI,NYC,1.0,0.0
35a4022a,2025-03-29,LA,ORL,1.0,2.0
7257432e,2024-07-04,LA,LAFC,1.0,2.0
86cbacfe,2024-03-02,COL,NSH,1.0,1.0
374354aa,2024-10-19,ORL,ATL,1.0,2.0
f49fc9f2,2025-05-03,CHI,ORL,0.0,0.0
66190db2,2025-08-30,CIN,PHI,0.0,1.0
5848925c,2025-04-26,CLT,NE,0.0,1.0
b64d9723,2024-03-23,VAN,RSL,1.0,2.0
fa05623c,2025-10-18,TOR,ORL,4.0,2.0
df403e50,2025-10-04,RSL,COL,1.0,0.0
dc65f668,2025-05-14,MTL,CLB,1.0,1.0
b66a7ec9,2025-03-15,NYC,NE,2.0,1.0
5fa1cbd9,2024-04-20,COL,DAL,2.0,1.0
9ea2ad2c,2025-10-18,STL,RSL,2.0,2.0
6693b854,2025-06-08,LAFC,SKC,3.0,1.0
332a4b3f,2025-04-26,COL,SEA,1.0,1.0
3f143e00,2025-04-27,MIA,DAL,3.0,4.0
4a840008,2024-07-06,RSL,ATL,5.0,2.0
7efe033c,2025-07-12,CHI,SD,1.0,2.0
f6143750,2024-09-28,STL,SKC,3.0,1.0
6c44da2e,2025-09-20,LA,CIN,2.0,3.0
955f4635,2024-03-30,RSL,STL,3.0,1.0
ff46f6c3,2024-06-22,DC,HOU,1.0,4.0
e4bacda3,2024-07-17,PHI,NE,5.0,1.0
7a638632,2024-08-24,POR,STL,4.0,4.0
31a37ee5,2024-09-14,STL,MIN,1.0,3.0
3caf9938,2024-03-30,ORL,RBNY,1.0,1.0
990f8bf4,2025-06-25,COL,LA,2.0,0.0
7e4f32b9,2024-07-13,HOU,MIN,1.0,1.0
9a06b916,2025-06-28,DC,NSH,0.0,1.0
9f9337c5,2025-05-03,DC,COL,2.0,1.0
b8b5708a,2024-09-18,HOU,VAN,1.0,1.0
3374dd27,2025-05-28,DC,NE,1.0,1.0
2023a9f5,2024-05-25,POR,SKC,2.0,1.0
9c2f7732,2024-05-25,MTL,NSH,0.0,0.0
d16be818,2024-03-16,SEA,COL,1.0,1.0
f9c60edd,2024-05-15,NSH,TOR,2.0,0.0
c4ca7f87,2025-07-12,SKC,SEA,2.0,3.0
45148931,2024-04-13,DC,ORL,2.0,3.0
fcf4b86a,2025-08-23,DC,MIA,1.0,1.0
0ab5997b,2025-05-10,ORL,NE,3.0,3.0
a4cb2f51,2025-05-03,MIA,RBNY,4.0,1.0
41484ff2,2024-03-23,RBNY,MIA,4.0,0.0
a5ec7da5,2025-07-16,SD,TOR,0.0,1.0
eb27fab3,2025-04-05,SKC,STL,2.0,0.0
84120dea,2024-08-31,LAFC,HOU,0.0,2.0
bac85cf2,2024-04-13,SKC,MIA,2.0,3.0
d19065bb,2024-07-06,SEA,NE,2.0,0.0
2fece7e3,2025-07-16,ORL,NYC,1.0,2.0
c8fa0997,2025-07-12,COL,VAN,3.0,0.0
673356d5,2025-04-12,LA,HOU,1.0,1.0
28d3f298,2024-04-27,NSH,SJ,1.0,1.0
8e29fa31,2024-04-13,MTL,CIN,2.0,1.0
4358c7d6,2025-10-18,NE,CHI,2.0,2.0
2aa1eccc,2025-07-25,CLB,ORL,1.0,3.0
4599bff3,2024-10-19,ATX,COL,3.0,2.0
af5c1a97,2024-07-06,CIN,MIA,6.0,1.0
2450adb6,2025-05-04,SKC,LA,1.0,0.0
f9be9177,2024-07-04,COL,SKC,2.0,1.0
026a346e,2024-04-30,PHI,SEA,2.0,3.0
c2082132,2025-10-18,VAN,DAL,1.0,2.0
84c01cdb,2024-08-24,HOU,TOR,0.0,1.0
11e22e97,2024-05-04,TOR,DAL,3.0,1.0
02597770,2025-07-05,DC,ATL,0.0,0.0
6e3813f7,2024-08-24,NYC,CHI,2.0,2.0
f0dfbd55,2025-09-20,DAL,COL,3.0,1.0
14aa59c5,2025-03-29,MIN,RSL,2.0,0.0
d7422ee6,2024-10-19,CHI,NSH,0.0,3.0
0249fe71,2025-08-24,SEA,SKC,5.0,2.0
0ff97914,2025-10-04,CHI,TOR,2.0,2.0
03d0ee90,2025-07-26,CLT,TOR,2.0,0.0
02fcd380,2024-09-18,NYC,PHI,1.0,5.0
55071953,2025-06-08,POR,STL,2.0,1.0
7ce7f740,2024-06-15,DAL,STL,2.0,0.0
e6581292,2024-07-20,ATX,CLT,2.0,2.0
539c3598,2024-06-15,NE,VAN,3.0,2.0
17c46a3f,2024-05-29,PHI,TOR,0.0,0.0
5e98e392,2024-05-18,CHI,CLB,1.0,3.0
d681890d,2024-05-15,MIN,LA,2.0,2.0
00ba135d,2024-05-04,MIA,RBNY,6.0,2.0
15c283a3,2024-10-19,HOU,LA,2.0,1.0
f729d043,2025-08-24,CLT,RBNY,1.0,0.0
4730f2d8,2025-07-25,DAL,NYC,3.0,4.0
d36b5525,2024-09-21,MTL,CHI,2.0,0.0
553b34f5,2024-05-18,MIN,POR,2.0,1.0
11c1b7f4,2024-04-06,NE,CLT,1.0,0.0
b42f5a91,2025-08-16,ORL,SKC,3.0,1.0
5fa13771,2024-05-15,ORL,MIA,0.0,0.0
3e1da2bb,2024-10-02,VAN,SEA,0.0,3.0
2465aade,2024-09-18,SEA,SJ,2.0,2.0
0e034fa4,2024-05-29,SEA,RSL,1.0,1.0
62b997f4,2025-10-04,MIA,NE,4.0,1.0
6ad1966d,2024-07-07,LA,MIN,2.0,1.0
a49893f2,2024-05-18,RSL,COL,5.0,3.0
222c2085,2025-04-05,CLB,MTL,2.0,1.0
25b0d237,2024-07-20,ORL,NYC,1.0,1.0
aa25320a,2025-10-04,ORL,CLB,1.0,1.0
53448619,2025-03-15,DC,MTL,0.0,0.0
6f769b10,2024-09-14,CIN,CLB,0.0,0.0
607b144a,2024-04-06,MIN,RSL,1.0,1.0
f58844f0,2024-03-23,SJ,SEA,3.0,2.0
9a2edb25,2025-10-18,CLB,RBNY,3.0,1.0
20186aad,2025-07-16,SEA,COL,3.0,3.0
01f97b92,2024-07-13,CHI,NYC,0.0,0.0
748d2bdb,2025-09-13,SD,MIN,1.0,3.0
ef1163e0,2025-08-31,LAFC,SD,1.0,2.0
4471cd40,2025-05-31,NSH,NYC,2.0,2.0
6d02e073,2024-07-13,DAL,LA,2.0,0.0
f7dfa5db,2025-09-13,SEA,LA,2.0,2.0
6af622b6,2025-04-19,SEA,NSH,3.0,0.0
bbb67c47,2024-10-19,SEA,POR,1.0,1.0
c25927d9,2024-09-07,VAN,DAL,0.0,0.0
dca08946,2025-07-12,MIA,NSH,2.0,1.0
49d7367f,2024-07-03,MIN,VAN,1.0,3.0
a6e1f978,2025-07-16,POR,RSL,0.0,1.0
08481259,2024-05-15,POR,SJ,4.0,2.0
3e8cc2d0,2025-06-28,NE,COL,3.0,3.0
79d5b281,2025-07-19,HOU,PHI,1.0,1.0
694fbd3a,2025-03-09,LA,STL,0.0,3.0
f46a76e5,2025-05-31,HOU,SKC,1.0,3.0
2f7651bf,2025-06-28,SEA,ATX,2.0,0.0
b00552c2,2025-04-12,ATL,NE,0.0,1.0
506315ef,2024-03-23,POR,PHI,1.0,3.0
d9a66e25,2025-07-12,CIN,CLB,2.0,4.0
667ed526,2025-06-25,MIN,HOU,3.0,1.0
f50ad56d,2025-06-14,STL,LA,3.0,3.0
b2d34c79,2024-05-29,MTL,DC,4.0,2.0
284c3d06,2025-03-29,SD,LAFC,3.0,2.0
632b82e8,2025-08-23,NSH,ORL,5.0,1.0
69cb139d,2024-08-31,CIN,MTL,4.0,1.0
35fd4928,2024-04-27,CIN,COL,2.0,1.0
bc8b99a9,2024-05-11,COL,SJ,2.0,3.0
b841fe93,2024-05-12,POR,SEA,1.0,2.0
23d90f96,2024-03-09,ORL,MIN,2.0,3.0
ade44952,2025-09-27,TOR,MIA,1.0,1.0
a8afa660,2024-05-11,ATL,DC,2.0,3.0
72e01853,2025-09-20,MIA,DC,3.0,2.0
4b2c8f9b,2025-07-05,SJ,RBNY,1.0,1.0
53c30e1f,2025-03-22,SEA,HOU,0.0,0.0
f593c5a4,2025-03-01,NE,CLB,0.0,1.0
2a56b9e4,2025-04-26,NSH,CHI,7.0,2.0
b3823cda,2024-04-20,HOU,ATX,0.0,1.0
7fd99904,2024-10-05,CIN,ORL,1.0,3.0
59fc52ae,2025-09-16,MIA,SEA,3.0,1.0
611811fc,2024-03-02,SEA,ATX,0.0,0.0
09c07400,2025-05-10,POR,SKC,1.0,0.0
98566308,2024-05-05,NYC,COL,0.0,2.0
82ea1d7f,2024-07-13,POR,RSL,3.0,0.0
2fe9509d,2025-03-29,NE,RBNY,2.0,1.0
19c78c80,2024-03-30,CLT,CIN,1.0,1.0
78d235fc,2025-04-26,PHI,DC,3.0,0.0
b032c232,2024-03-09,RBNY,DAL,2.0,1.0
99486806,2024-08-31,RSL,NE,2.0,0.0
9461d402,2025-02-22,SJ,RSL,4.0,0.0
32e73b42,2024-07-03,STL,SJ,2.0,0.0
a951d9a2,2024-03-16,CHI,MTL,4.0,3.0
78d4bb3a,2024-09-18,LAFC,ATX,1.0,1.0
efc690bd,2024-03-10,MIA,MTL,2.0,3.0
723c3328,2025-08-23,VAN,STL,3.0,2.0
1b4b8220,2024-06-22,MIN,ATX,0.0,1.0
78e14270,2024-09-14,COL,POR,2.0,1.0
233b0f03,2024-05-29,CHI,ORL,1.0,1.0
6daf0910,2024-04-13,VAN,LA,1.0,3.0
09f7ca9c,2024-10-19,RSL,VAN,2.0,1.0
d29cf39a,2025-08-09,STL,NSH,3.0,1.0
9c38d3bb,2025-08-09,PHI,TOR,1.0,1.0
8fbe0e59,2025-09-27,LA,SKC,4.0,1.0
2f3e5a94,2024-06-22,NSH,NYC,1.0,0.0
2c641e00,2025-09-20,SKC,VAN,0.0,2.0
79c45cb9,2025-04-19,SJ,SKC,3.0,5.0
b163e5c7,2024-06-15,SJ,CIN,2.0,4.0
5f2e3b97,2025-05-24,SJ,HOU,3.0,3.0
b2fe5144,2024-03-02,CHI,CIN,1.0,2.0
fb606bd1,2024-06-29,ATL,TOR,2.0,1.0
aafb3223,2025-08-09,MTL,ATL,1.0,1.0
ddb589b2,2024-05-25,TOR,CIN,3.0,4.0
2035f46e,2025-07-19,SEA,SJ,3.0,2.0
4fa6a22d,2024-04-27,ATX,LA,2.0,0.0
6f343132,2024-04-13,CLT,TOR,3.0,2.0
af3d9082,2025-09-27,NE,ATL,2.0,0.0
dd197e6a,2025-07-16,NSH,CLB,3.0,0.0
31463bea,2025-05-25,ATL,CIN,4.0,2.0
55893f86,2025-05-03,LAFC,HOU,2.0,0.0
29867add,2024-07-06,MTL,VAN,1.0,1.0
2b5830aa,2025-08-16,ATX,DAL,1.0,1.0
3765c553,2024-03-30,LA,SEA,1.0,0.0
5c7fe8cf,2024-08-24,NSH,ATX,0.0,2.0
b7da9bba,2024-05-18,NSH,ATL,1.0,1.0
f6700cd1,2024-05-15,CHI,CLT,0.0,1.0
5eec0415,2025-07-04,DAL,MIN,1.0,2.0
b15b5b57,2025-09-27,CLT,MTL,1.0,4.0
f0b7242e,2024-08-31,CLB,NYC,4.0,2.0
269d88cb,2025-08-17,SJ,SD,1.0,2.0
1ffe5be3,2025-03-16,PHI,NSH,1.0,3.0
4a6e7110,2025-06-25,MTL,CIN,1.0,3.0
1dacf42f,2024-07-07,SJ,CHI,1.0,0.0
cc344d5f,2025-07-05,SD,HOU,3.0,4.0
fd0db25a,2025-06-28,SKC,RSL,1.0,1.0
a1aa4ee4,2024-06-01,DC,TOR,2.0,2.0
49700cdf,2025-06-28,SJ,LA,1.0,1.0
9554f61c,2024-06-22,SEA,DAL,3.0,2.0
676aadfe,2025-06-01,SEA,MIN,2.0,3.0
687d160c,2025-04-19,MIN,DAL,0.0,0.0
6b6a09b8,2024-07-13,ATX,SEA,0.0,1.0
1b2ae026,2025-06-14,HOU,MTL,1.0,3.0
2f4de672,2025-10-05,LAFC,ATL,1.0,0.0
a8c3c253,2025-07-19,RBNY,MIA,1.0,5.0
4dffc8d8,2025-03-15,RBNY,ORL,2.0,2.0
3cc58749,2024-05-11,CLT,NSH,1.0,0.0
9e9edc6d,2025-03-15,LAFC,ATX,0.0,1.0
8f1968d2,2025-05-31,CIN,DC,1.0,2.0
32179b7c,2024-09-14,MTL,CLT,2.0,1.0
39bdbcd8,2024-06-08,NE,RBNY,1.0,0.0
8f6509fd,2024-06-19,DAL,MIN,5.0,3.0
c4db7cd7,2025-06-14,CLB,VAN,2.0,1.0
6e3e30f3,2024-09-21,SKC,MIN,0.0,2.0
5d90fd35,2024-07-03,CHI,PHI,4.0,3.0
fcba7f7a,2025-04-26,RBNY,MTL,1.0,0.0
8e67dc73,2024-07-06,ATX,NYC,2.0,1.0
e8f10796,2024-03-30,VAN,POR,3.0,2.0
b148ee66,2025-08-17,NYC,NSH,2.0,1.0
559147b4,2025-08-30,NSH,ATL,0.0,1.0
41afeed8,2025-08-09,SKC,SD,0.0,2.0
ad59e813,2025-06-25,DAL,SJ,2.0,4.0
881e8c6d,2024-09-28,NE,NSH,1.0,0.0
982f6355,2024-10-02,COL,LA,1.0,3.0
39375bdb,2024-09-18,POR,LA,4.0,2.0
ebcf3037,2024-06-19,MIA,CLB,2.0,1.0
493d1d94,2024-06-19,HOU,SEA,2.0,2.0
e4680c1d,2025-07-19,SD,VAN,1.0,1.0
e15ea116,2025-08-23,SD,POR,0.0,0.0
90af18c4,2024-06-19,CLT,ORL,2.0,2.0
f12cbe09,2024-03-30,PHI,MIN,2.0,0.0
d125e3de,2025-06-25,CLB,ATL,3.0,1.0
25ffa4eb,2025-10-18,SJ,ATX,2.0,1.0
99aadb61,2024-07-20,COL,RSL,3.0,2.0
219c9a98,2024-04-27,CLB,MTL,0.0,0.0
dc75c18e,2025-08-16,COL,ATL,3.0,1.0
1c59878a,2024-04-20,CLB,POR,2.0,2.0
d06ede3e,2024-03-02,RSL,LAFC,3.0,0.0
d02f5c00,2025-05-17,NE,SJ,0.0,0.0
57ba2897,2024-08-24,MIN,SEA,2.0,3.0
1207a5c0,2025-05-14,TOR,CIN,0.0,1.0
2677a1f0,2025-09-13,ATL,CLB,4.0,5.0
ff4ea1b4,2025-05-17,COL,RSL,1.0,0.0
0ad00023,2024-10-02,ORL,PHI,2.0,1.0
19b7a8a6,2024-05-18,SEA,VAN,1.0,1.0
f479a9e7,2024-10-02,HOU,NE,2.0,1.0
968be1a4,2024-04-27,DC,SEA,2.0,1.0
af05b0fb,2025-10-08,LAFC,TOR,2.0,0.0
5103f3b8,2024-03-16,NYC,TOR,2.0,1.0
7b3b6f54,2025-05-31,LA,RSL,2.0,0.0
89f8e780,2024-09-07,CLB,SEA,0.0,4.0
39afa66a,2024-05-25,DAL,RSL,3.0,3.0
912397d2,2025-09-20,SJ,STL,1.0,3.0
8ce89dc8,2024-06-15,MTL,RSL,0.0,0.0
7820f9e6,2025-08-16,POR,CIN,2.0,3.0
19413b85,2024-04-20,SKC,STL,3.0,3.0
aed336b6,2025-05-28,POR,COL,2.0,1.0
c22d440e,2024-03-02,VAN,CLT,1.0,1.0
3c9777c3,2025-03-22,MIN,LA,2.0,2.0
ef92472a,2025-07-12,PHI,RBNY,2.0,0.0
31bdf624,2024-10-05,CLT,MTL,2.0,0.0
2437773d,2024-03-02,MIA,ORL,5.0,0.0
ad4bed33,2024-03-23,CLT,CLB,2.0,0.0
a6a4a264,2025-07-05,POR,NE,2.0,1.0
6f413ea0,2024-09-28,MIN,COL,3.0,0.0
68c29423,2024-05-25,COL,MIN,3.0,3.0
e39f78f6,2025-05-03,TOR,NE,0.0,2.0
bb030df9,2024-06-15,RBNY,NSH,0.0,0.0
1bdd90d2,2025-05-24,MIN,ATX,1.0,1.0
0cd99cc7,2025-07-12,LAFC,DAL,2.0,0.0
7ba1d0d3,2024-03-02,STL,NYC,2.0,0.0
9ea097a2,2024-03-16,HOU,POR,1.0,0.0
58138f57,2025-04-12,DC,CIN,0.0,1.0
3ea87a79,2025-08-17,VAN,HOU,1.0,1.0
9e23b255,2025-03-02,VAN,LA,2.0,1.0
e84a71e0,2024-06-15,SEA,MIN,2.0,0.0
60568227,2025-07-05,RSL,STL,3.0,2.0
57c49362,2024-10-19,DAL,SKC,2.0,1.0
5f639940,2025-05-14,SD,COL,2.0,0.0
388ed10c,2024-09-21,RSL,POR,3.0,3.0
03bf2e60,2025-02-22,CIN,RBNY,1.0,0.0
0b052107,2025-07-19,RSL,CIN,0.0,1.0
4b627d72,2024-04-13,RSL,CLB,0.0,0.0
48adf2eb,2025-07-16,HOU,VAN,0.0,3.0
af9c628e,2025-05-14,ORL,CLT,3.0,1.0
36d655b5,2025-08-16,MIN,SEA,1.0,0.0
5ca6665b,2025-02-22,NSH,NE,0.0,0.0
db48c249,2024-09-21,CLB,ORL,4.0,3.0
ebbb8fad,2024-06-22,COL,MTL,4.0,1.0
3bdf69e1,2025-04-26,HOU,ATX,2.0,0.0
485f8422,2025-05-31,TOR,CLT,0.0,2.0
d0bd9e2f,2024-07-13,NE,ORL,1.0,3.0
3c7c0f58,2024-06-01,RBNY,ORL,1.0,0.0
90ed7ab7,2025-05-24,ORL,POR,1.0,0.0
dbce05ec,2024-05-04,HOU,STL,0.0,0.0
006b3126,2025-10-11,MIA,ATL,4.0,0.0
7eb1d67b,2024-05-25,STL,SEA,1.0,2.0
3ef40003,2025-05-14,STL,SKC,2.0,2.0
f1992208,2024-05-04,ATL,MIN,1.0,2.0
ba108982,2025-03-16,POR,LA,1.0,1.0
dd410ec2,2025-03-22,NSH,MTL,3.0,0.0
f1262b22,2025-09-20,MTL,RBNY,0.0,2.0
75a34aa5,2025-05-10,DAL,RSL,1.0,1.0
2375c9a2,2025-06-14,COL,ORL,0.0,1.0
cc56f196,2025-03-08,NSH,POR,2.0,0.0
7e4850e0,2024-07-04,DAL,POR,3.0,2.0
16552ddc,2024-06-29,VAN,STL,4.0,3.0
e7e98be5,2024-06-29,LAFC,COL,3.0,0.0
09a4dcc2,2025-06-14,PHI,CLT,2.0,1.0
e2d7b400,2024-03-23,TOR,ATL,2.0,0.0
3bb92c53,2025-08-09,NE,DC,2.0,0.0
78db9fe9,2025-04-05,SD,SEA,3.0,0.0
67c75505,2025-07-19,CLB,DC,2.0,1.0
b5a4471e,2025-03-01,CHI,DC,2.0,2.0
fcbe82d9,2024-09-18,SKC,COL,4.0,1.0
3e5df98b,2025-06-14,MIN,SD,2.0,4.0
7e47e2df,2025-09-07,SKC,ATX,1.0,2.0
97b6f008,2024-09-28,CIN,LAFC,1.0,2.0
24dbf184,2024-06-19,SJ,POR,1.0,2.0
2f194320,2025-07-04,COL,SKC,1.0,2.0
5ffba511,2025-04-12,TOR,MIN,0.0,0.0
7a3686f8,2024-03-02,DAL,MTL,1.0,2.0
82807a0a,2024-09-14,ORL,NE,3.0,0.0
5f350707,2024-06-01,VAN,COL,2.0,1.0
40efc939,2024-05-29,HOU,COL,3.0,1.0
b066317a,2024-03-02,POR,DC,2.0,2.0
54c95fdb,2025-08-23,LA,COL,3.0,0.0
3c8363e0,2025-07-26,PHI,COL,3.0,1.0
5e985c2c,2025-07-19,SKC,NYC,1.0,1.0
155acff1,2024-03-09,SJ,VAN,0.0,2.0
15c30d59,2024-04-14,ATL,PHI,2.0,2.0
ad96ca33,2025-03-22,RSL,DAL,0.0,1.0
d63a2051,2024-05-11,LA,RSL,2.0,2.0
66521dfa,2024-04-21,CLT,MIN,0.0,3.0
5e66403b,2024-10-05,TOR,MIA,0.0,1.0
c4772769,2024-03-10,NSH,LA,2.0,2.0
72151d61,2025-03-07,SKC,SD,0.0,1.0
611d6816,2025-04-11,TOR,CIN,,
2928908a,2025-04-04,NE,MTL,3.0,0.0
d15cc282,2025-03-21,SKC,COL,1.0,4.0
6afff6a7,2025-03-07,NYC,ORL,5.0,0.0
64386c44,2025-03-01,SD,STL,2.0,0.0
178fdc85,2025-03-21,VAN,SJ,0.0,1.0
693cbdba,2025-03-07,ATL,RSL,2.0,3.0
e93f5eae,2025-04-04,TOR,COL,3.0,2.0
9f981df3,2025-04-11,NE,DC,,
c05ac163,2025-04-04,CLT,PHI,2.0,1.0
9726ffc7,2025-03-22,CIN,MTL,4.0,3.0
67d066c4,2025-03-14,CLB,NSH,0.0,1.0
144e19dd,2025-03-21,DAL,HOU,4.0,3.0
d652f64c,2025-03-07,POR,VAN,1.0,4.0
fc3f246b,2025-03-07,PHI,SJ,0.0,1.0
cccbd110,2025-03-15,SJ,SEA,0.0,1.0
7ba182f9,2025-04-04,RSL,SKC,3.0,1.0
96e3a5e5,2025-02-28,SKC,CLB,2.0,2.0
08e147bc,2025-03-07,CLB,CHI,0.0,0.0
2b12baee,2025-04-11,MTL,PHI,,
73e58f34,2025-02-28,RSL,SEA,2.0,1.0
ff05beda,2025-03-01,ORL,MIA,2.0,4.0
39bd6d92,2025-03-22,NYC,MIA,2.0,3.0
aa8b6c50,2025-04-11,ATX,LA,,
445cc7d3,2025-03-21,CLT,RBNY,6.0,1.0
b2c7c9ba,2025-04-12,CLB,ORL,,
0083fe90,2025-03-14,HOU,POR,3.0,2.0
0f51ac81,2025-03-21,PHI,CHI,1.0,2.0
eaff4742,2025-02-28,COL,POR,2.0,0.0
31ec6d31,2025-04-11,SKC,SJ,,
b05c5cd5,2025-03-07,STL,SEA,0.0,1.0
612e8d86,2025-04-04,HOU,SEA,0.0,1.0
088345b9,2025-04-11,CHI,ATL,,
afb1562f,2025-03-15,VAN,MIN,6.0,0.0
91632e9e,2025-04-04,NYC,STL,1.0,1.0
9eaa6f0f,2025-03-01,PHI,NYC,1.0,2.0
125806fb,2025-03-14,LAFC,STL,2.0,0.0
12769fea,2025-02-28,RBNY,NE,1.0,0.0
e926ecd3,2025-03-21,ATX,LAFC,0.0,0.0
c1d67317,2025-03-08,RBNY,MTL,0.0,3.0
64cfa0ec,2025-03-15,NE,CIN,6.0,1.0
9f1db200,2025-02-28,SJ,ATL,2.0,0.0
14f38591,2025-04-04,ATL,CLB,1.0,3.0
f5d62f89,2025-03-01,ATX,DC,1.0,0.0
17991e10,2025-04-11,DAL,STL,,
2f937f25,2025-02-28,HOU,LAFC,0.0,2.0
f880b25a,2025-04-11,MIA,RBNY,,
43fdfc48,2025-03-14,RSL,ATX,2.0,1.0
c21a2e5d,2025-04-04,SJ,SD,3.0,0.0
942230ce,2025-03-07,CLT,ATX,3.0,1.0
72a9d0bd,2025-03-22,POR,LA,1.0,1.0
803d7da8,2025-03-14,CLT,MIA,0.0,0.0
409330af,2025-03-22,MIN,SEA,0.0,0.0
57cd4eac,2025-04-04,DC,DAL,0.0,4.0
65eeb526,2025-03-21,ATL,DC,0.0,0.0
bb7391b6,2025-03-08,CIN,TOR,0.0,1.0
844e1c6b,2025-03-14,NYC,COL,3.0,1.0
72cf9f3c,2025-03-07,DC,MIA,1.0,2.0
c9bf218e,2025-03-21,NSH,ORL,5.0,0.0
5ba741bf,2025-03-07,LAFC,DAL,1.0,0.0
e7714b30,2025-04-11,SD,MIN,,
aaa8173e,2025-04-04,LAFC,ORL,6.0,0.0
ea951d82,2025-04-04,MIA,ATX,2.0,2.0
d0116848,2025-03-07,NSH,MIN,3.0,1.0
2f477f1f,2025-04-11,CLT,NSH,,
1535e399,2025-04-11,COL,HOU,,
a26228d1,2025-03-07,COL,LA,4.0,1.0
069d96c2,2025-03-14,ATL,PHI,3.0,1.0
042e6589,2025-03-21,TOR,CLB,2.0,1.0
224d4a28,2025-04-04,VAN,POR,3.0,2.0
9355d8fd,2025-03-21,STL,NE,3.0,1.0
453db29c,2025-04-04,LA,MIN,1.0,2.0
9dea9f3d,2025-02-28,VAN,TOR,3.0,0.0
6840d375,2025-03-14,DAL,SD,3.0,3.0
0b4521e8,2025-04-04,RBNY,CIN,4.0,2.0
b47d7fa9,2025-02-28,CHI,MTL,3.0,0.0
7985f7e1,2025-02-28,MIN,CIN,1.0,0.0
51dab5c2,2025-04-11,VAN,NYC,,
e314090d,2025-04-04,CHI,NSH,1,0
a87ad02f,2025-03-22,SD,RSL,2,2
79f7b7d2,2025-02-28,LA,CLT,3,0
ca966373,2025-04-11,POR,LAFC,,
bc951dce,2025-03-14,CHI,DC,1,2
5cbb5d7a,2025-03-14,LA,SKC,1,2
2d227e16,2025-03-14,TOR,RBNY,1,1
698208f2,2025-02-28,DAL,NSH,0,0
97641fa7,2025-03-14,ORL,MTL,2,1
